School Id,Primary Domain,IG Followers (CD Output),Enrolled Students,# Products with 5 or more students enrolled,Custom Primary Domain,PO Business Email,Qt Admins,Has Student (All),Has Student (Currenty Active Only),Set Up,School is a High Importer,Final Category - All Students,Final Category - Currently Active Students,Final Category,Which Category
321693.0,nathaniels-hope.teachable.com,,283,9,false,true,3,true,true,true,false,Aspiring,LMS/Bypasser,LMS/Bypasser,only one
632179.0,learningwith.uclg.org,,7513,81,true,true,28,true,false,true,true,LMS/Bypasser,Aspiring,LMS/Bypasser,only one
1390696.0,coaching.peakcomplyance.com,,40,4,true,true,10,true,true,true,false,Aspiring,LMS/Bypasser,LMS/Bypasser,only one
2208303.0,priorityroofingtraining.teachable.com,,487,7,false,true,7,true,true,true,false,Aspiring,LMS/Bypasser,LMS/Bypasser,only one
546618.0,book-more-brides-growth-academy.teachable.com,,498,1,false,true,2,true,true,true,false,Aspiring,LMS/Bypasser,LMS/Bypasser,only one
1227739.0,courses.procurementtactics.com,,3867,42,true,true,10,true,true,true,true,LMS/Bypasser,LMS/Bypasser,LMS/Bypasser,both
1460007.0,nuli-coaching.teachable.com,,7279,7,false,true,8,true,true,true,true,LMS/Bypasser,LMS/Bypasser,LMS/Bypasser,both
282598.0,conlea.teachable.com,,4757,91,false,true,5,true,true,true,true,LMS/Bypasser,LMS/Bypasser,LMS/Bypasser,both
299219.0,training.centricsit.com,,1693,21,true,true,7,true,true,true,true,LMS/Bypasser,LMS/Bypasser,LMS/Bypasser,both
453232.0,noimannacademy.teachable.com,,2514,122,false,true,1,true,false,true,true,LMS/Bypasser,Aspiring,LMS/Bypasser,only one
719708.0,realoptionstx.teachable.com,,303,11,false,true,6,true,true,true,true,LMS/Bypasser,LMS/Bypasser,LMS/Bypasser,both
809706.0,nrconline.teachable.com,,302,4,false,true,4,true,true,true,true,LMS/Bypasser,LMS/Bypasser,LMS/Bypasser,both
837578.0,dimensions-therapy-academy.teachable.com,,135,1,false,true,2,true,true,true,true,LMS/Bypasser,LMS/Bypasser,LMS/Bypasser,both
921231.0,im-campus.teachable.com,,614,21,false,true,2,true,true,true,true,LMS/Bypasser,LMS/Bypasser,LMS/Bypasser,both
940062.0,creed-online-courses.teachable.com,,449,6,false,true,4,true,false,true,true,LMS/Bypasser,Aspiring,LMS/Bypasser,only one
1123107.0,luminatewellbeing.teachable.com,,1242,79,false,true,2,true,true,true,true,LMS/Bypasser,LMS/Bypasser,LMS/Bypasser,both
1200533.0,www.mentorify.com,,7933,7,true,true,5,true,true,true,true,LMS/Bypasser,LMS/Bypasser,LMS/Bypasser,both
1383311.0,boylecadre.teachable.com,,3498,68,false,true,2,true,true,true,true,LMS/Bypasser,LMS/Bypasser,LMS/Bypasser,both
1429378.0,seiko-s-school.teachable.com,,413,14,false,false,4,true,true,true,true,LMS/Bypasser,LMS/Bypasser,LMS/Bypasser,both
1859973.0,smart-leadership.teachable.com,,95,3,false,true,1,true,false,true,true,LMS/Bypasser,Aspiring,LMS/Bypasser,only one
1987585.0,korro-s-school.teachable.com,,562,4,false,true,14,true,true,true,true,LMS/Bypasser,LMS/Bypasser,LMS/Bypasser,both
1994614.0,learn.globallyspeaking.it,,47,2,true,true,1,true,false,true,true,LMS/Bypasser,Aspiring,LMS/Bypasser,only one
1277065.0,www.thecollectiveaesthetics.com,3392.0,84,5,true,true,5,true,true,true,false,Aspiring,LMS/Bypasser,LMS/Bypasser,only one
1520539.0,bromcom.teachable.com,,45130,163,false,true,11,true,true,true,false,Aspiring,LMS/Bypasser,LMS/Bypasser,only one
1652543.0,www.focusandflow.academy,,138,8,true,true,6,true,true,true,true,LMS/Bypasser,LMS/Bypasser,LMS/Bypasser,both
179352.0,academy.alta-tecnologia.com,,118,5,true,true,11,true,true,true,false,Aspiring,LMS/Bypasser,LMS/Bypasser,only one
470594.0,gemcompliance.teachable.com,,239,96,false,true,7,true,true,true,true,LMS/Bypasser,LMS/Bypasser,LMS/Bypasser,both
633500.0,spirit-business-school.teachable.com,,751,9,false,false,5,true,true,true,true,LMS/Bypasser,LMS/Bypasser,LMS/Bypasser,both
930731.0,glodonsoutheastasialearning.teachable.com,,292,46,false,true,5,true,true,true,true,LMS/Bypasser,LMS/Bypasser,LMS/Bypasser,both
1047995.0,prex.teachable.com,,220,8,false,true,3,true,false,true,true,LMS/Bypasser,Aspiring,LMS/Bypasser,only one
1333117.0,united-way-of-greater-los-angeles.teachable.com,,63,2,false,true,1,true,true,true,false,Aspiring,LMS/Bypasser,LMS/Bypasser,only one
1451812.0,the-fi-investors.teachable.com,,219,4,false,true,2,true,false,true,true,LMS/Bypasser,Aspiring,LMS/Bypasser,only one
1872397.0,university.xyzreality.com,,298,8,true,true,5,true,true,true,true,LMS/Bypasser,LMS/Bypasser,LMS/Bypasser,both
2062790.0,alchemist-academy1.teachable.com,,316,5,false,true,3,true,true,true,true,LMS/Bypasser,LMS/Bypasser,LMS/Bypasser,both
2177619.0,dalilk-academy-school.teachable.com,,341,17,false,true,8,true,true,true,false,Aspiring,LMS/Bypasser,LMS/Bypasser,only one
2305146.0,academia.cinvestclub.com,,2689,3,true,true,5,true,false,true,true,LMS/Bypasser,Aspiring,LMS/Bypasser,only one
2353631.0,brittany-eikenbary-s-school.teachable.com,,405,5,false,true,5,true,true,true,true,LMS/Bypasser,LMS/Bypasser,LMS/Bypasser,both
192805.0,optilift.teachable.com,,512,5,false,true,9,true,true,true,true,LMS/Bypasser,LMS/Bypasser,LMS/Bypasser,both
354744.0,nobel-coaching.teachable.com,,13874,51,false,true,1,true,true,true,true,LMS/Bypasser,LMS/Bypasser,LMS/Bypasser,both
386746.0,ocps.teachable.com,,105,25,false,true,1,true,true,true,false,Aspiring,LMS/Bypasser,LMS/Bypasser,only one
462754.0,whiteboard-learning1.teachable.com,,53,8,false,true,1,true,true,true,false,Aspiring,LMS/Bypasser,LMS/Bypasser,only one
583307.0,stfu-school.teachable.com,,322,6,false,true,1,true,false,true,true,LMS/Bypasser,Aspiring,LMS/Bypasser,only one
665884.0,semovi.teachable.com,,4143,5,false,true,1,true,true,true,true,LMS/Bypasser,LMS/Bypasser,LMS/Bypasser,both
822357.0,kelley-ashby-consulting.teachable.com,,73,3,false,true,12,true,false,true,true,LMS/Bypasser,Aspiring,LMS/Bypasser,only one
951068.0,kiphic.teachable.com,,72,6,false,true,15,true,true,true,false,Aspiring,LMS/Bypasser,LMS/Bypasser,only one
1174721.0,charisse-hurst-s-school.teachable.com,,26,1,false,true,1,true,true,true,false,Aspiring,LMS/Bypasser,LMS/Bypasser,only one
1183738.0,testronix-instruments.teachable.com,,52,2,false,true,1,true,true,true,false,Aspiring,LMS/Bypasser,LMS/Bypasser,only one
1437965.0,rachel-s-school100.teachable.com,,96,4,false,true,5,true,false,true,true,LMS/Bypasser,Aspiring,LMS/Bypasser,only one
1591359.0,chloe-mure-s-school.teachable.com,,299,7,false,true,5,true,true,true,true,LMS/Bypasser,LMS/Bypasser,LMS/Bypasser,both
1961900.0,chw-virtual-academy.teachable.com,,150,3,false,true,4,true,false,true,true,LMS/Bypasser,Aspiring,LMS/Bypasser,only one
2130373.0,www.mindacademy.me,,133,3,true,true,1,true,true,true,true,LMS/Bypasser,LMS/Bypasser,LMS/Bypasser,both
2250144.0,raluca-adumitroaei-s-school.teachable.com,,63,1,false,true,1,true,true,true,false,Aspiring,LMS/Bypasser,LMS/Bypasser,only one
2287731.0,xander-de-bouw-s-school.teachable.com,,76,3,false,true,1,true,false,true,true,LMS/Bypasser,Aspiring,LMS/Bypasser,only one
96432.0,model-development.teachable.com,,189,1,false,true,1,true,true,true,false,Aspiring,LMS/Bypasser,LMS/Bypasser,only one
139413.0,integrated-massage-therapy-college.teachable.com,,257,13,false,true,2,true,false,true,true,LMS/Bypasser,Aspiring,LMS/Bypasser,only one
354117.0,holisticredesign.teachable.com,,20,5,false,false,3,true,true,true,false,Aspiring,LMS/Bypasser,LMS/Bypasser,only one
391333.0,sharran.teachable.com,,16892,22,false,true,2,true,true,true,true,LMS/Bypasser,LMS/Bypasser,LMS/Bypasser,both
692993.0,educationyalla.teachable.com,,1203,34,false,true,2,true,true,true,true,LMS/Bypasser,LMS/Bypasser,LMS/Bypasser,both
771953.0,cricketblast.teachable.com,,3045,4,false,true,1,true,false,true,true,LMS/Bypasser,Aspiring,LMS/Bypasser,only one
813520.0,cri.teachable.com,,285,13,false,true,1,true,true,true,true,LMS/Bypasser,LMS/Bypasser,LMS/Bypasser,both
822187.0,heather-yoga-uk.teachable.com,,461,54,false,true,1,true,false,true,true,LMS/Bypasser,Aspiring,LMS/Bypasser,only one
896059.0,thailand-pentecostal-seminary.teachable.com,,177,19,false,false,5,true,true,true,true,LMS/Bypasser,LMS/Bypasser,LMS/Bypasser,both
1325861.0,littleboattan_star.teachable.com,,3257,3,false,true,2,true,true,true,true,LMS/Bypasser,LMS/Bypasser,LMS/Bypasser,both
1386407.0,susanne-rausche.teachable.com,,27,1,false,true,1,true,true,true,false,Aspiring,LMS/Bypasser,LMS/Bypasser,only one
1565369.0,it-marketing.teachable.com,,36,1,false,true,1,true,true,true,false,Aspiring,LMS/Bypasser,LMS/Bypasser,only one
2617762.0,yyc-tax-consultants-s-school.teachable.com,,273,1,false,true,1,true,true,true,true,LMS/Bypasser,LMS/Bypasser,LMS/Bypasser,both
892261.0,clean-up-on-autopilot.teachable.com,,244,19,false,true,1,true,true,true,true,LMS/Bypasser,LMS/Bypasser,LMS/Bypasser,both
528182.0,seedstars.teachable.com,,4028,8,false,true,2,true,true,true,false,Aspiring,LMS/Bypasser,LMS/Bypasser,only one
810113.0,ialab-uba.teachable.com,,12796,29,false,true,4,true,true,true,true,LMS/Bypasser,LMS/Bypasser,LMS/Bypasser,both
1328986.0,ouhappyteacher.teachable.com,,713,31,false,true,5,true,false,true,true,LMS/Bypasser,Aspiring,LMS/Bypasser,only one
1335201.0,musikschule-luzern-s-school.teachable.com,,1014,5,false,true,9,true,false,true,true,LMS/Bypasser,Aspiring,LMS/Bypasser,only one
1448456.0,enhance-physio.teachable.com,,57,6,false,true,1,true,false,true,true,LMS/Bypasser,Aspiring,LMS/Bypasser,only one
1960479.0,see-you-at-the-bank-university.teachable.com,,545,20,false,true,2,true,true,true,true,LMS/Bypasser,LMS/Bypasser,LMS/Bypasser,both
2495771.0,cursuri-expressive-s-school.teachable.com,,18,1,false,true,1,false,true,true,false,Aspiring,LMS/Bypasser,LMS/Bypasser,only one
297369.0,www.knxonline.gr,,1521,72,true,true,2,true,true,true,true,LMS/Bypasser,LMS/Bypasser,LMS/Bypasser,both
650802.0,firstdigitalonlineforensicsacademy.net,,519,5,true,false,1,true,true,true,true,LMS/Bypasser,LMS/Bypasser,LMS/Bypasser,both
1453691.0,busy-trainings-s-school.teachable.com,,5884,39,false,true,4,true,true,true,true,LMS/Bypasser,LMS/Bypasser,LMS/Bypasser,both
217339.0,soyexpertoenalergia.es,,4888,8,true,false,4,true,true,true,false,Aspiring,LMS/Bypasser,LMS/Bypasser,only one
248877.0,incight.teachable.com,,3203,24,false,true,7,true,true,true,true,LMS/Bypasser,LMS/Bypasser,LMS/Bypasser,both
364316.0,training.naomisoftware.com,,172,7,true,true,2,true,false,true,true,LMS/Bypasser,Aspiring,LMS/Bypasser,only one
377443.0,skillsfactory.teachable.com,,684,11,false,true,4,true,true,true,false,Aspiring,LMS/Bypasser,LMS/Bypasser,only one
513753.0,napoleon-hill-foundation-online-education.teachable.com,,170,7,false,false,4,true,true,true,true,LMS/Bypasser,LMS/Bypasser,LMS/Bypasser,both
692165.0,ic-sampleacademy.teachable.com,,172,16,false,true,2,true,false,true,true,LMS/Bypasser,Aspiring,LMS/Bypasser,only one
2520344.0,workana-academy-latam.teachable.com,,1144,7,false,true,1,true,true,true,true,LMS/Bypasser,LMS/Bypasser,LMS/Bypasser,both
27261.0,sunraise-academy.teachable.com,,248,49,false,false,4,true,true,true,true,LMS/Bypasser,LMS/Bypasser,LMS/Bypasser,both
1011813.0,draoi.teachable.com,,288,15,false,true,5,true,true,true,true,LMS/Bypasser,LMS/Bypasser,LMS/Bypasser,both
509460.0,tuf-life-skills.teachable.com,,1357,4,false,true,4,true,true,true,false,Aspiring,LMS/Bypasser,LMS/Bypasser,only one
542769.0,msa-school.teachable.com,,4285,1,false,false,5,true,true,true,false,Aspiring,LMS/Bypasser,LMS/Bypasser,only one
763242.0,virtualcampus.ibra.net,,988,101,true,true,3,true,false,true,true,LMS/Bypasser,Aspiring,LMS/Bypasser,only one
824475.0,little-stars-kids.teachable.com,,446,15,false,true,4,true,true,true,true,LMS/Bypasser,LMS/Bypasser,LMS/Bypasser,both
992457.0,wlt-wellness-academy.teachable.com,,139,10,false,true,3,true,true,true,true,LMS/Bypasser,LMS/Bypasser,LMS/Bypasser,both
1070670.0,cac-training-program.teachable.com,,325,8,false,true,2,true,true,true,true,LMS/Bypasser,LMS/Bypasser,LMS/Bypasser,both
1288481.0,baldivis-secondary-college-wa.teachable.com,,370,14,false,true,5,true,true,true,true,LMS/Bypasser,LMS/Bypasser,LMS/Bypasser,both
1296939.0,alhollaeducational.teachable.com,,23,1,false,true,1,true,true,true,false,Aspiring,LMS/Bypasser,LMS/Bypasser,only one
1429630.0,deer-hollow.teachable.com,,923,11,false,true,6,true,true,true,true,LMS/Bypasser,LMS/Bypasser,LMS/Bypasser,both
1943006.0,cobraacademy.teachable.com,,210,3,false,true,2,true,true,true,true,LMS/Bypasser,LMS/Bypasser,LMS/Bypasser,both
2256572.0,fernanda-rodriguez-s-school2.teachable.com,,216,10,false,true,2,true,false,true,true,LMS/Bypasser,Aspiring,LMS/Bypasser,only one
1055967.0,universidade.cobmais.com.br,,6123,33,true,true,6,true,true,true,true,LMS/Bypasser,LMS/Bypasser,LMS/Bypasser,both
362516.0,training.rentalguardian.com,,2662,14,true,true,2,true,false,true,true,LMS/Bypasser,Aspiring,LMS/Bypasser,only one
1003637.0,training.pucara.io,,355,1,true,true,4,true,true,true,false,Aspiring,LMS/Bypasser,LMS/Bypasser,only one
1311891.0,parent-network-scotland.teachable.com,,80,3,false,true,5,true,false,true,true,LMS/Bypasser,Aspiring,LMS/Bypasser,only one
1374069.0,s-school10027.teachable.com,,150,18,false,true,1,true,true,true,true,LMS/Bypasser,LMS/Bypasser,LMS/Bypasser,both
1637264.0,ifooddslearning.teachable.com,,275,33,false,true,10,true,true,true,true,LMS/Bypasser,LMS/Bypasser,LMS/Bypasser,both
1659814.0,megan-leger-s-school1.teachable.com,,126,2,false,true,1,true,false,true,true,LMS/Bypasser,Aspiring,LMS/Bypasser,only one
1829183.0,inspire-allied-health-and-education-group.teachable.com,,318,27,false,true,5,true,true,true,true,LMS/Bypasser,LMS/Bypasser,LMS/Bypasser,both
428198.0,jobdesignacademy.teachable.com,,72,1,false,true,1,true,true,true,false,Aspiring,LMS/Bypasser,LMS/Bypasser,only one
866611.0,the-whissel-way.teachable.com,,604,9,false,true,5,true,true,true,true,LMS/Bypasser,LMS/Bypasser,LMS/Bypasser,both
961087.0,equilibre3.teachable.com,,321,11,false,true,5,true,true,true,true,LMS/Bypasser,LMS/Bypasser,LMS/Bypasser,both
1057026.0,euregio-mooc.teachable.com,,316,3,false,true,5,true,true,true,false,Aspiring,LMS/Bypasser,LMS/Bypasser,only one
1374502.0,www.pngoung.com,,936,6,true,false,1,true,true,true,true,LMS/Bypasser,LMS/Bypasser,LMS/Bypasser,both
1922336.0,errol-cain-s-school.teachable.com,,70,1,false,true,1,true,true,true,true,LMS/Bypasser,LMS/Bypasser,LMS/Bypasser,both
2119723.0,www.sizemoreuniversity.com,,70,24,true,true,3,true,true,true,false,Aspiring,LMS/Bypasser,LMS/Bypasser,only one
2175107.0,app.serveacademy.com,,205,13,true,true,6,true,false,true,true,LMS/Bypasser,Aspiring,LMS/Bypasser,only one
2343400.0,lashboxla.teachable.com,,101,4,false,true,5,true,false,true,true,LMS/Bypasser,Aspiring,LMS/Bypasser,only one
2472700.0,resiliencecourse.teachable.com,,152,1,false,true,1,true,true,true,true,LMS/Bypasser,LMS/Bypasser,LMS/Bypasser,both
2534139.0,keith-nelson-s-school.teachable.com,,53,1,false,true,1,true,true,true,true,LMS/Bypasser,LMS/Bypasser,LMS/Bypasser,both
2568072.0,prospecting-101-102.teachable.com,,400,2,false,true,2,true,true,true,true,LMS/Bypasser,LMS/Bypasser,LMS/Bypasser,both
602594.0,akademisatuhati.teachable.com,,126355,111,false,false,4,true,true,true,true,LMS/Bypasser,LMS/Bypasser,LMS/Bypasser,both
2236386.0,academy.liefdeszaak.nl,,217,1,true,true,1,true,true,true,false,Aspiring,LMS/Bypasser,LMS/Bypasser,only one
2447071.0,www.ductum.school,1350.0,164,7,true,true,2,true,false,true,true,LMS/Bypasser,Aspiring,LMS/Bypasser,only one
175568.0,theyogainstitute.teachable.com,,484,46,false,true,1,true,true,true,true,LMS/Bypasser,LMS/Bypasser,LMS/Bypasser,both
223767.0,living-destiny-church.teachable.com,,245,2,false,true,4,true,true,true,true,LMS/Bypasser,LMS/Bypasser,LMS/Bypasser,both
369261.0,growmyfutureorg.teachable.com,,145,1,false,true,7,true,true,true,true,LMS/Bypasser,LMS/Bypasser,LMS/Bypasser,both
839644.0,john-geyston-martial-arts.teachable.com,,18,1,false,true,2,true,true,true,false,Aspiring,LMS/Bypasser,LMS/Bypasser,only one
1453754.0,anitaps.teachable.com,,308,1,false,true,1,true,true,true,false,Aspiring,LMS/Bypasser,LMS/Bypasser,only one
515415.0,impacthub.teachable.com,,836,18,false,true,10,true,false,true,true,LMS/Bypasser,Aspiring,LMS/Bypasser,only one
543431.0,www.e4cclab.com,30526.0,167585,1055,true,true,818,true,true,true,true,LMS/Bypasser,LMS/Bypasser,LMS/Bypasser,both
911001.0,mtzbc.teachable.com,,1683,2,false,true,6,true,true,true,true,LMS/Bypasser,LMS/Bypasser,LMS/Bypasser,both
2351795.0,aamna-ahmed-s-school.teachable.com,,69,1,false,true,1,true,true,true,false,Aspiring,LMS/Bypasser,LMS/Bypasser,only one
618305.0,optical-engineering.teachable.com,,210,3,false,true,4,true,true,true,false,Aspiring,LMS/Bypasser,LMS/Bypasser,only one
722020.0,startcodingai.teachable.com,,6963,42,false,true,14,true,true,true,true,LMS/Bypasser,LMS/Bypasser,LMS/Bypasser,both
771781.0,focuss-sales-school.teachable.com,,200,2,false,true,1,true,true,true,true,LMS/Bypasser,LMS/Bypasser,LMS/Bypasser,both
1218052.0,pupelle.teachable.com,,85,3,false,true,1,true,true,true,false,Aspiring,LMS/Bypasser,LMS/Bypasser,only one
1238701.0,xponential.teachable.com,,960,4,false,true,1,true,true,true,true,LMS/Bypasser,LMS/Bypasser,LMS/Bypasser,both
1384544.0,synchro-manage.teachable.com,,237,4,false,true,1,true,false,true,true,LMS/Bypasser,Aspiring,LMS/Bypasser,only one
1393547.0,conseiller-influent.teachable.com,,3067,7,false,true,3,true,true,true,true,LMS/Bypasser,LMS/Bypasser,LMS/Bypasser,both
1456201.0,ffl-skypoint-bootcamp.teachable.com,,1277,3,false,true,3,true,true,true,false,Aspiring,LMS/Bypasser,LMS/Bypasser,only one
1961399.0,tony-coffey-s-school.teachable.com,,40,4,false,true,1,true,true,true,false,Aspiring,LMS/Bypasser,LMS/Bypasser,only one
2349376.0,drawing.startletsgetcreative.com,,2595,6,true,false,6,true,true,true,true,LMS/Bypasser,LMS/Bypasser,LMS/Bypasser,both
533723.0,students.adobe-educa.com,,51067,42,true,false,1,true,true,true,true,LMS/Bypasser,LMS/Bypasser,LMS/Bypasser,both
659546.0,landyourfirstremotejob.teachable.com,,907,2,false,true,4,true,true,true,true,LMS/Bypasser,LMS/Bypasser,LMS/Bypasser,both
2039372.0,global-risk-solutions-learning-and-training-in.teachable.com,,1184,14,false,true,8,true,true,true,true,LMS/Bypasser,LMS/Bypasser,LMS/Bypasser,both
268677.0,seminare.primaveralife.com,,9265,4,true,true,7,true,true,true,true,LMS/Bypasser,LMS/Bypasser,LMS/Bypasser,both
355163.0,dappuniversity.teachable.com,,12150,6,false,false,14,true,true,true,true,LMS/Bypasser,LMS/Bypasser,LMS/Bypasser,both
543264.0,trumbull.teachable.com,,197,4,false,true,5,true,true,true,true,LMS/Bypasser,LMS/Bypasser,LMS/Bypasser,both
809230.0,accelerateyourparks.teachable.com,,52,2,false,true,1,true,false,true,true,LMS/Bypasser,Aspiring,LMS/Bypasser,only one
830425.0,smartseller.teachable.com,,252,1,false,true,2,true,true,true,true,LMS/Bypasser,LMS/Bypasser,LMS/Bypasser,both
955196.0,growing-city.teachable.com,,44,5,false,true,1,true,true,true,false,Aspiring,LMS/Bypasser,LMS/Bypasser,only one
1019050.0,nanocellnetworks.teachable.com,,753,27,false,true,1,true,true,true,true,LMS/Bypasser,LMS/Bypasser,LMS/Bypasser,both
1087570.0,comma-school.teachable.com,,131,3,false,true,3,true,true,true,false,Aspiring,LMS/Bypasser,LMS/Bypasser,only one
1205347.0,prosper-direct.teachable.com,,179,6,false,true,1,true,true,true,true,LMS/Bypasser,LMS/Bypasser,LMS/Bypasser,both
1216342.0,assistive-solutions-training-platform.teachable.com,,147,10,false,true,8,true,true,true,true,LMS/Bypasser,LMS/Bypasser,LMS/Bypasser,both
1422944.0,courses.bitcointaf.com,,83,1,true,true,9,true,true,true,false,Aspiring,LMS/Bypasser,LMS/Bypasser,only one
1457615.0,digital-ad-trust-switzerland-academy.teachable.com,,313,3,false,true,2,true,true,true,true,LMS/Bypasser,LMS/Bypasser,LMS/Bypasser,both
1624245.0,6558.teachable.com,,257,4,false,false,8,true,true,true,true,LMS/Bypasser,LMS/Bypasser,LMS/Bypasser,both
2173159.0,learning-modules.farmwisehub.org,,170,2,true,true,3,true,true,true,true,LMS/Bypasser,LMS/Bypasser,LMS/Bypasser,both
962670.0,unemployable.teachable.com,,2725,1,false,true,7,true,true,true,true,LMS/Bypasser,LMS/Bypasser,LMS/Bypasser,both
974294.0,growth-by-benthe.teachable.com,,119,11,false,true,2,true,true,true,true,LMS/Bypasser,LMS/Bypasser,LMS/Bypasser,both
38259.0,mozilla.teachable.com,,5919,16,false,true,23,true,true,true,true,LMS/Bypasser,LMS/Bypasser,LMS/Bypasser,both
159177.0,www.jugglingcare.com,,60,9,true,true,1,true,false,true,true,LMS/Bypasser,Aspiring,LMS/Bypasser,only one
620108.0,wonder-yoga.teachable.com,,226,12,false,true,3,true,false,true,true,LMS/Bypasser,Aspiring,LMS/Bypasser,only one
675901.0,infinita.teachable.com,,877,2,false,true,3,true,true,true,true,LMS/Bypasser,LMS/Bypasser,LMS/Bypasser,both
845597.0,www.naradacenter.com,4154.0,1452,106,true,true,8,true,true,true,true,LMS/Bypasser,LMS/Bypasser,LMS/Bypasser,both
1657920.0,yfs-ltd.teachable.com,,106,1,false,true,1,true,false,true,true,LMS/Bypasser,Aspiring,LMS/Bypasser,only one
2442315.0,www.celtlms.com,2609.0,90,24,true,true,1,true,false,true,true,LMS/Bypasser,Aspiring,LMS/Bypasser,only one
2448156.0,courses.climatereadyleaders.com,,55,2,true,false,3,true,true,true,false,Aspiring,LMS/Bypasser,LMS/Bypasser,only one
2525037.0,academy.carmelograssi.it,,77,3,true,false,1,true,false,true,true,LMS/Bypasser,Aspiring,LMS/Bypasser,only one
30882.0,fixnation.teachable.com,,14636,1,false,true,1,true,true,true,false,Aspiring,LMS/Bypasser,LMS/Bypasser,only one
252444.0,ikeraguirre.teachable.com,,778,17,false,true,1,true,true,true,true,LMS/Bypasser,LMS/Bypasser,LMS/Bypasser,both
673684.0,syndicateu.teachable.com,,2742,35,false,true,4,true,true,true,true,LMS/Bypasser,LMS/Bypasser,LMS/Bypasser,both
699324.0,www.algoseacow.com,,152,22,true,false,3,true,true,true,true,LMS/Bypasser,LMS/Bypasser,LMS/Bypasser,both
733402.0,peary.teachable.com,,389,13,false,true,1,true,true,true,true,LMS/Bypasser,LMS/Bypasser,LMS/Bypasser,both
791665.0,mediakasvatusseura.teachable.com,,798,9,false,true,7,true,true,true,true,LMS/Bypasser,LMS/Bypasser,LMS/Bypasser,both
1019092.0,mhc-wellman-program.teachable.com,,941,3,false,true,3,true,true,true,true,LMS/Bypasser,LMS/Bypasser,LMS/Bypasser,both
1508013.0,swanriver.teachable.com,,48,6,false,true,3,true,false,true,true,LMS/Bypasser,Aspiring,LMS/Bypasser,only one
2545643.0,mike-s-school234.teachable.com,,61,1,false,true,3,true,false,true,true,LMS/Bypasser,Aspiring,LMS/Bypasser,only one
991241.0,la-maternelle-nursery.teachable.com,,229,21,false,true,1,true,true,true,true,LMS/Bypasser,LMS/Bypasser,LMS/Bypasser,both
1907308.0,employee-trainings.teachable.com,,649,1,false,true,1,true,true,true,true,LMS/Bypasser,LMS/Bypasser,LMS/Bypasser,both
2581352.0,trace-exchange-academy.teachable.com,,224,1,false,true,6,true,true,true,true,LMS/Bypasser,LMS/Bypasser,LMS/Bypasser,both
2686591.0,futerman.teachable.com,,143,1,false,true,1,true,false,true,true,LMS/Bypasser,Aspiring,LMS/Bypasser,only one
742013.0,chinmaya-ias-academy.teachable.com,,571,44,false,true,1,true,true,true,true,LMS/Bypasser,LMS/Bypasser,LMS/Bypasser,both
938581.0,hotflostudios.teachable.com,,35,1,false,true,1,true,true,true,false,Aspiring,LMS/Bypasser,LMS/Bypasser,only one
1238772.0,mejorpyme.teachable.com,,2210,10,false,false,3,true,true,true,false,Aspiring,LMS/Bypasser,LMS/Bypasser,only one
1440861.0,learning.strategyinaction.io,,724,11,true,true,4,true,true,true,true,LMS/Bypasser,LMS/Bypasser,LMS/Bypasser,both
2013446.0,academy.varicon.com.au,,547,8,true,true,2,true,true,true,false,Aspiring,LMS/Bypasser,LMS/Bypasser,only one
2075519.0,flaviu-petrar-s-school.teachable.com,,109,2,false,true,1,true,true,true,true,LMS/Bypasser,LMS/Bypasser,LMS/Bypasser,both
2206820.0,www.womenchoiceprograms.org,,464,29,true,true,3,true,true,true,true,LMS/Bypasser,LMS/Bypasser,LMS/Bypasser,both
2421239.0,gravity-transformation-s-school.teachable.com,,20,1,false,true,1,false,true,true,false,Aspiring,LMS/Bypasser,LMS/Bypasser,only one
910603.0,foodhub.teachable.com,,1383,16,false,true,15,true,true,true,true,LMS/Bypasser,LMS/Bypasser,LMS/Bypasser,both
1065528.0,secuform-securite.teachable.com,,1008,75,false,false,5,true,true,true,true,LMS/Bypasser,LMS/Bypasser,LMS/Bypasser,both
1102174.0,training-familias-saludables-pr.teachable.com,,53,1,false,true,3,true,false,true,true,LMS/Bypasser,Aspiring,LMS/Bypasser,only one
1424832.0,school.emacademy.se,,109,4,true,false,2,true,true,true,false,Aspiring,LMS/Bypasser,LMS/Bypasser,only one
2094535.0,lena-aspette-s-school.teachable.com,,355,4,false,true,1,true,true,true,true,LMS/Bypasser,LMS/Bypasser,LMS/Bypasser,both
2477822.0,next-level-therapy-lisa-loveless.teachable.com,,79,4,false,true,1,true,false,true,true,LMS/Bypasser,Aspiring,LMS/Bypasser,only one
364798.0,university.decouvertes.fr,,1213,92,true,true,4,true,true,true,false,Aspiring,LMS/Bypasser,LMS/Bypasser,only one
1333892.0,courses.homeqb.com,,8197,81,true,true,7,true,true,true,true,LMS/Bypasser,LMS/Bypasser,LMS/Bypasser,both
1922065.0,adayafterdayhomecare.teachable.com,,82,15,false,true,2,true,true,true,false,Aspiring,LMS/Bypasser,LMS/Bypasser,only one
150375.0,kristinlarsen.teachable.com,,8083,35,false,true,1,true,true,true,true,LMS/Bypasser,LMS/Bypasser,LMS/Bypasser,both
408427.0,tslethamduong.teachable.com,,1158,23,false,true,4,true,true,true,true,LMS/Bypasser,LMS/Bypasser,LMS/Bypasser,both
571255.0,product-sourcing-school.teachable.com,,588,1,false,true,2,true,true,true,true,LMS/Bypasser,LMS/Bypasser,LMS/Bypasser,both
641857.0,salvandovidas.teachable.com,,7035,8,false,true,3,true,true,true,true,LMS/Bypasser,LMS/Bypasser,LMS/Bypasser,both
1245022.0,courses.prodsecrets.com,,899,4,true,true,2,true,true,true,true,LMS/Bypasser,LMS/Bypasser,LMS/Bypasser,both
2264898.0,iloveyogatherapyschool.teachable.com,,143,3,false,true,1,true,true,true,true,LMS/Bypasser,LMS/Bypasser,LMS/Bypasser,both
2308946.0,picaluna-beautiful-funerals-s-school.teachable.com,,61,2,false,true,2,true,true,true,false,Aspiring,LMS/Bypasser,LMS/Bypasser,only one
2514360.0,urotrainer-academy.teachable.com,,127,5,false,true,1,true,false,true,true,LMS/Bypasser,Aspiring,LMS/Bypasser,only one
800251.0,capp-training.teachable.com,,303,6,false,true,2,true,true,true,false,Aspiring,LMS/Bypasser,LMS/Bypasser,only one
2144936.0,budswarehousejobtraining.teachable.com,,28,1,false,true,1,true,true,true,false,Aspiring,LMS/Bypasser,LMS/Bypasser,only one
407624.0,alic-som.teachable.com,,60,5,false,true,3,true,true,true,true,LMS/Bypasser,LMS/Bypasser,LMS/Bypasser,both
561376.0,cater-care.teachable.com,,7810,9,false,true,7,true,true,true,true,LMS/Bypasser,LMS/Bypasser,LMS/Bypasser,both
1164472.0,gci-consultant-portal.teachable.com,,120,16,false,true,2,true,true,true,true,LMS/Bypasser,LMS/Bypasser,LMS/Bypasser,both
1746264.0,dr-mohamed-elshafey.teachable.com,,764,21,false,false,3,true,false,true,true,LMS/Bypasser,Aspiring,LMS/Bypasser,only one
85821.0,wasjournalistenwollen.teachable.com,,3396,63,false,true,6,true,true,true,true,LMS/Bypasser,LMS/Bypasser,LMS/Bypasser,both
178507.0,strategetics.teachable.com,,24,5,false,true,1,true,true,true,false,Aspiring,LMS/Bypasser,LMS/Bypasser,only one
683037.0,distancelearning.bonjourinstitute.com,,826,5,true,true,3,true,true,true,true,LMS/Bypasser,LMS/Bypasser,LMS/Bypasser,both
684943.0,cincmasterseries.teachable.com,,128,3,false,true,6,true,false,true,true,LMS/Bypasser,Aspiring,LMS/Bypasser,only one
732366.0,learn.nlpericksonian.com,,772,5,true,true,1,true,true,true,true,LMS/Bypasser,LMS/Bypasser,LMS/Bypasser,both
803973.0,inevitrade.teachable.com,,11589,3,false,true,3,true,true,true,true,LMS/Bypasser,LMS/Bypasser,LMS/Bypasser,both
1210412.0,raquel-goncalves-coaching-training.teachable.com,,65,6,false,true,1,true,true,true,false,Aspiring,LMS/Bypasser,LMS/Bypasser,only one
1390072.0,boiler-university-ii.teachable.com,,132,2,false,true,6,true,false,true,true,LMS/Bypasser,Aspiring,LMS/Bypasser,only one
1426783.0,oconeeboe.teachable.com,,142,9,false,true,3,true,true,true,true,LMS/Bypasser,LMS/Bypasser,LMS/Bypasser,both
1452482.0,eugene-fanfan-s-school.teachable.com,,351,1,false,true,2,true,false,true,true,LMS/Bypasser,Aspiring,LMS/Bypasser,only one
1473440.0,publicrelationsboot.camp,,102,6,true,true,4,true,false,true,true,LMS/Bypasser,Aspiring,LMS/Bypasser,only one
2215265.0,canaan-worship-center-s-school.teachable.com,,36,1,false,true,1,true,false,true,true,LMS/Bypasser,Aspiring,LMS/Bypasser,only one
2261552.0,patricia-hurst-s-school.teachable.com,,33,1,false,true,1,true,true,true,false,Aspiring,LMS/Bypasser,LMS/Bypasser,only one
2571840.0,pipdecks.teachable.com,,58,2,false,true,5,true,false,true,true,LMS/Bypasser,Aspiring,LMS/Bypasser,only one
291927.0,cours.marieboudon.com,,13532,13,true,true,5,true,true,true,true,LMS/Bypasser,LMS/Bypasser,LMS/Bypasser,both
1183057.0,casebook.teachable.com,,2927,17,false,true,8,true,true,true,true,LMS/Bypasser,LMS/Bypasser,LMS/Bypasser,both
1191799.0,pheasants-forever.teachable.com,,493,39,false,true,13,true,false,true,true,LMS/Bypasser,Aspiring,LMS/Bypasser,only one
212641.0,uaw-ford.teachable.com,,440,7,false,false,6,true,true,true,false,Aspiring,LMS/Bypasser,LMS/Bypasser,only one
580613.0,academy.feelgud.be,,1240,6,true,true,3,true,true,true,true,LMS/Bypasser,LMS/Bypasser,LMS/Bypasser,both
592704.0,boll-weevil.teachable.com,,30,47,false,true,2,true,true,true,true,LMS/Bypasser,LMS/Bypasser,LMS/Bypasser,both
633900.0,tigergraph-university.teachable.com,,2086,11,false,true,2,true,false,true,true,LMS/Bypasser,Aspiring,LMS/Bypasser,only one
640978.0,www.summit-or-academy.com,,40,3,true,true,6,true,true,true,false,Aspiring,LMS/Bypasser,LMS/Bypasser,only one
788358.0,vpm.jvpm.club,,83,11,true,true,1,true,false,true,true,LMS/Bypasser,Aspiring,LMS/Bypasser,only one
1207238.0,islandschool.teachable.com,,134,5,false,true,2,true,true,true,false,Aspiring,LMS/Bypasser,LMS/Bypasser,only one
1271763.0,evidence-iq-training.teachable.com,,1050,2,false,true,6,true,true,true,false,Aspiring,LMS/Bypasser,LMS/Bypasser,only one
1424309.0,reliable-carriers-academy.teachable.com,,560,9,false,true,7,true,true,true,true,LMS/Bypasser,LMS/Bypasser,LMS/Bypasser,both
1006824.0,jasco.teachable.com,,269,45,false,true,10,true,true,true,true,LMS/Bypasser,LMS/Bypasser,LMS/Bypasser,both
1748187.0,rem-vlasblom-test-s-school.teachable.com,,103,1,false,true,1,true,true,true,false,Aspiring,LMS/Bypasser,LMS/Bypasser,only one
468216.0,quickcontractors.teachable.com,,268,11,false,true,9,true,true,true,true,LMS/Bypasser,LMS/Bypasser,LMS/Bypasser,both
948955.0,b-a-b.teachable.com,,117,2,false,true,2,true,true,true,true,LMS/Bypasser,LMS/Bypasser,LMS/Bypasser,both
1018331.0,school.no1seminar-college.com,,855,28,true,true,1,true,true,true,true,LMS/Bypasser,LMS/Bypasser,LMS/Bypasser,both
1066309.0,krishtel.teachable.com,,195,5,false,true,3,true,false,true,true,LMS/Bypasser,Aspiring,LMS/Bypasser,only one
1239668.0,www.nvbeautyacademy.com,752.0,30,2,true,false,4,true,true,true,false,Aspiring,LMS/Bypasser,LMS/Bypasser,only one
1382764.0,dairy-hoofcare-institute-school.teachable.com,,1540,153,false,true,1,true,true,true,true,LMS/Bypasser,LMS/Bypasser,LMS/Bypasser,both
1435186.0,antionese-m-wilson-s-school.teachable.com,,105,1,false,false,3,true,true,true,true,LMS/Bypasser,LMS/Bypasser,LMS/Bypasser,both
1529699.0,shari-van-de-craen-s-school.teachable.com,,150,8,false,true,1,true,false,true,true,LMS/Bypasser,Aspiring,LMS/Bypasser,only one
719654.0,vitaehs.teachable.com,,425,3,false,true,7,true,true,true,true,LMS/Bypasser,LMS/Bypasser,LMS/Bypasser,both
1623977.0,climberacademy.teachable.com,,739,10,false,true,6,true,true,true,true,LMS/Bypasser,LMS/Bypasser,LMS/Bypasser,both
2237166.0,goup-online.teachable.com,,314,6,false,true,1,true,false,true,true,LMS/Bypasser,Aspiring,LMS/Bypasser,only one
315038.0,proactivity.teachable.com,,72,3,false,true,3,true,true,true,false,Aspiring,LMS/Bypasser,LMS/Bypasser,only one
425656.0,archivingforthefuture.teachable.com,,4,0,false,true,1,true,true,true,false,Aspiring,LMS/Bypasser,LMS/Bypasser,only one
896451.0,flowerclique.teachable.com,,1105,7,false,true,5,true,true,true,true,LMS/Bypasser,LMS/Bypasser,LMS/Bypasser,both
1048699.0,earthship-biotecture-academy.teachable.com,,578,3,false,true,2,true,true,true,true,LMS/Bypasser,LMS/Bypasser,LMS/Bypasser,both
1146348.0,mind-z-academy.teachable.com,,120,2,false,true,1,true,false,true,true,LMS/Bypasser,Aspiring,LMS/Bypasser,only one
2085982.0,chicago-weight-loss-and-vitality-clinics.teachable.com,,281,6,false,true,7,true,true,true,false,Aspiring,LMS/Bypasser,LMS/Bypasser,only one
12097.0,learn.cvglobal.co,,1090,26,true,true,11,true,true,true,true,LMS/Bypasser,LMS/Bypasser,LMS/Bypasser,both
331562.0,whcga.teachable.com,,688,14,false,true,7,true,true,true,false,Aspiring,LMS/Bypasser,LMS/Bypasser,only one
536979.0,protailored-mentorship-program.teachable.com,,86,3,false,true,4,true,true,true,false,Aspiring,LMS/Bypasser,LMS/Bypasser,only one
963949.0,rsm.teachable.com,,975,4,false,true,7,true,true,true,true,LMS/Bypasser,LMS/Bypasser,LMS/Bypasser,both
1038019.0,courses.everyoungtraining.co.nz,,126,4,true,true,7,true,true,true,false,Aspiring,LMS/Bypasser,LMS/Bypasser,only one
1081041.0,momentummedina.teachable.com,,88,3,false,true,1,true,true,true,true,LMS/Bypasser,LMS/Bypasser,LMS/Bypasser,both
1106953.0,northedgetraining.teachable.com,,313,35,false,true,4,true,true,true,true,LMS/Bypasser,LMS/Bypasser,LMS/Bypasser,both
1530793.0,kurs.kapitalkurs.no,,136,3,true,true,2,true,false,true,true,LMS/Bypasser,Aspiring,LMS/Bypasser,only one
330720.0,academy.mattermost.com,,4945,26,true,true,17,true,true,true,false,Aspiring,LMS/Bypasser,LMS/Bypasser,only one
479348.0,idefp.com,,24,2,true,false,6,true,true,true,false,Aspiring,LMS/Bypasser,LMS/Bypasser,only one
806937.0,the-sanctuary1.teachable.com,,996,24,false,true,5,true,true,true,true,LMS/Bypasser,LMS/Bypasser,LMS/Bypasser,both
822368.0,educateandinspire.teachable.com,,781,15,false,true,1,true,true,true,true,LMS/Bypasser,LMS/Bypasser,LMS/Bypasser,both
960025.0,thecriticalfewactions.teachable.com,,217,8,false,true,3,true,true,true,true,LMS/Bypasser,LMS/Bypasser,LMS/Bypasser,both
1223686.0,the-rescue-train-s-school.teachable.com,,80,1,false,true,1,true,true,true,false,Aspiring,LMS/Bypasser,LMS/Bypasser,only one
1927253.0,carol-aguirre-s-school.teachable.com,,203,4,false,true,1,true,false,true,true,LMS/Bypasser,Aspiring,LMS/Bypasser,only one
1932321.0,pescasustentable-s-school.teachable.com,,76,1,false,true,2,true,true,true,false,Aspiring,LMS/Bypasser,LMS/Bypasser,only one
2022861.0,www.seriousgpssolutions.com,,214,4,true,true,1,true,true,true,true,LMS/Bypasser,LMS/Bypasser,LMS/Bypasser,both
2040298.0,tanamsession.teachable.com,,129,1,false,true,1,true,false,true,true,LMS/Bypasser,Aspiring,LMS/Bypasser,only one
2663400.0,naosbaltic.teachable.com,,102,1,false,true,1,true,true,true,true,LMS/Bypasser,LMS/Bypasser,LMS/Bypasser,both
522801.0,dogs-connect-mentorship.teachable.com,,8190,6,false,false,16,true,true,true,true,LMS/Bypasser,LMS/Bypasser,LMS/Bypasser,both
408700.0,curable.teachable.com,,960,1,false,true,1,true,false,true,true,LMS/Bypasser,Aspiring,LMS/Bypasser,only one
632150.0,academy9online.teachable.com,,188,2,false,true,6,true,true,true,false,Aspiring,LMS/Bypasser,LMS/Bypasser,only one
753625.0,newhope.teachable.com,,307,3,false,true,1,true,false,true,true,LMS/Bypasser,Aspiring,LMS/Bypasser,only one
814321.0,vivaacademy.teachable.com,,707,76,false,true,8,true,true,true,true,LMS/Bypasser,LMS/Bypasser,LMS/Bypasser,both
1199203.0,ilash-beauty-university.teachable.com,,115,2,false,false,4,true,true,true,false,Aspiring,LMS/Bypasser,LMS/Bypasser,only one
1298576.0,acrresidential.teachable.com,,40,1,false,true,1,true,true,true,false,Aspiring,LMS/Bypasser,LMS/Bypasser,only one
2663336.0,oana-tesoi-s-school1.teachable.com,,16,1,false,true,1,false,true,true,false,Aspiring,LMS/Bypasser,LMS/Bypasser,only one
1270397.0,taskforce-academy.teachable.com,,1661,31,false,false,5,true,true,true,true,LMS/Bypasser,LMS/Bypasser,LMS/Bypasser,both
2180910.0,www.humanmanageracademy.com,,631,6,true,true,4,true,false,true,true,LMS/Bypasser,Aspiring,LMS/Bypasser,only one
303515.0,wcps-sbg.teachable.com,,3014,55,false,true,7,true,true,true,false,Aspiring,LMS/Bypasser,LMS/Bypasser,only one
381682.0,echtemamas.teachable.com,,966,1,false,true,4,true,true,true,true,LMS/Bypasser,LMS/Bypasser,LMS/Bypasser,both
399524.0,purestream.teachable.com,,40,3,false,true,1,true,true,true,false,Aspiring,LMS/Bypasser,LMS/Bypasser,only one
413771.0,globalrenaissance.teachable.com,,954,5,false,false,3,true,true,true,true,LMS/Bypasser,LMS/Bypasser,LMS/Bypasser,both
1294640.0,vok-baths-skolinn.teachable.com,,81,12,false,true,3,true,true,true,true,LMS/Bypasser,LMS/Bypasser,LMS/Bypasser,both
1591694.0,creativeelectron.teachable.com,,99,1,false,true,6,true,true,true,false,Aspiring,LMS/Bypasser,LMS/Bypasser,only one
2199928.0,htdtalent.teachable.com,,437,12,false,true,6,true,true,true,true,LMS/Bypasser,LMS/Bypasser,LMS/Bypasser,both
2380570.0,arian-homecare-corporation-s-school.teachable.com,,181,8,false,true,2,true,true,true,true,LMS/Bypasser,LMS/Bypasser,LMS/Bypasser,both
2433351.0,arman-karamyan-s-school1.teachable.com,,160,1,false,true,1,true,true,true,false,Aspiring,LMS/Bypasser,LMS/Bypasser,only one
1305795.0,escuela-bastet-aromas.teachable.com,,420,11,false,true,1,true,true,true,true,LMS/Bypasser,LMS/Bypasser,LMS/Bypasser,both
1513541.0,easycommerce.teachable.com,,3896,17,false,true,3,true,true,true,true,LMS/Bypasser,LMS/Bypasser,LMS/Bypasser,both
2158679.0,pupil-portal.teachable.com,,290,2,false,true,1,true,true,true,false,Aspiring,LMS/Bypasser,LMS/Bypasser,only one
507511.0,camp-canopy.teachable.com,,1974,1,false,true,2,true,true,true,false,Aspiring,LMS/Bypasser,LMS/Bypasser,only one
588106.0,abines.teachable.com,,2373,22,false,true,1,true,true,true,true,LMS/Bypasser,LMS/Bypasser,LMS/Bypasser,both
962402.0,iabuk.teachable.com,,4518,15,false,true,5,true,true,true,false,Aspiring,LMS/Bypasser,LMS/Bypasser,only one
1121375.0,business-moon.teachable.com,,250,41,false,false,4,true,true,true,true,LMS/Bypasser,LMS/Bypasser,LMS/Bypasser,both
1169274.0,theprofessor12.teachable.com,,854,3,false,true,1,true,true,true,true,LMS/Bypasser,LMS/Bypasser,LMS/Bypasser,both
1185336.0,logo-limi.teachable.com,,71,1,false,true,1,true,true,true,true,LMS/Bypasser,LMS/Bypasser,LMS/Bypasser,both
1743333.0,hallbar-organisationsutveckling.teachable.com,,92,5,false,true,1,true,true,true,true,LMS/Bypasser,LMS/Bypasser,LMS/Bypasser,both
1752546.0,baiafood.teachable.com,,5453,3,false,true,2,true,true,true,true,LMS/Bypasser,LMS/Bypasser,LMS/Bypasser,both
2207922.0,jqe-education-s-school.teachable.com,,296,5,false,true,1,true,true,true,true,LMS/Bypasser,LMS/Bypasser,LMS/Bypasser,both
2349603.0,vineyard.purplehills.tech,,109,5,true,true,2,true,true,true,true,LMS/Bypasser,LMS/Bypasser,LMS/Bypasser,both
2454521.0,affiliate-impact-s-school.teachable.com,,71,2,false,true,2,true,true,true,true,LMS/Bypasser,LMS/Bypasser,LMS/Bypasser,both
2302380.0,natsumiyamaya-s-school.teachable.com,,475,5,false,true,2,true,false,true,true,LMS/Bypasser,Aspiring,LMS/Bypasser,only one
2614504.0,david-love-s-school1.teachable.com,,138,1,false,true,1,true,true,true,false,Aspiring,LMS/Bypasser,LMS/Bypasser,only one
546766.0,rfabc.teachable.com,,1416,6,false,true,8,true,true,true,true,LMS/Bypasser,LMS/Bypasser,LMS/Bypasser,both
953542.0,noonacademy.teachable.com,,3885,10,false,true,59,true,true,true,true,LMS/Bypasser,LMS/Bypasser,LMS/Bypasser,both
961154.0,cranialacademy.teachable.com,,586,24,false,true,4,true,false,true,true,LMS/Bypasser,Aspiring,LMS/Bypasser,only one
1130403.0,school.joint-elements.com,,169,5,true,true,3,true,true,true,true,LMS/Bypasser,LMS/Bypasser,LMS/Bypasser,both
1601088.0,ray-america-technical-training-portal.teachable.com,,311,1,false,true,4,true,true,true,false,Aspiring,LMS/Bypasser,LMS/Bypasser,only one
448744.0,teaching-textbooks-conference-department.teachable.com,,304,6,false,true,1,true,false,true,true,LMS/Bypasser,Aspiring,LMS/Bypasser,only one
591852.0,think-grow-rich-sidharth-shah.teachable.com,,11336,37,false,true,1,true,true,true,true,LMS/Bypasser,LMS/Bypasser,LMS/Bypasser,both
483106.0,plotbox.teachable.com,,1643,127,false,true,9,true,true,true,true,LMS/Bypasser,LMS/Bypasser,LMS/Bypasser,both
659517.0,nirs-lab.teachable.com,,208,2,false,true,5,true,true,true,true,LMS/Bypasser,LMS/Bypasser,LMS/Bypasser,both
869137.0,topinstitute7.teachable.com,,1464,178,false,true,5,true,true,true,true,LMS/Bypasser,LMS/Bypasser,LMS/Bypasser,both
1151387.0,onlineyoga-doula.teachable.com,,159,5,false,true,3,true,true,true,true,LMS/Bypasser,LMS/Bypasser,LMS/Bypasser,both
1304056.0,she-recovers.teachable.com,,579,8,false,true,4,true,true,true,false,Aspiring,LMS/Bypasser,LMS/Bypasser,only one
1453018.0,mindport.teachable.com,,16625,23,false,false,5,true,true,true,true,LMS/Bypasser,LMS/Bypasser,LMS/Bypasser,both
1954754.0,teachable.koureido.jp,,157,15,true,true,5,true,true,true,true,LMS/Bypasser,LMS/Bypasser,LMS/Bypasser,both
2070579.0,madison-champaign-esc-teaching-learning-depart.teachable.com,,116,2,false,true,5,true,true,true,true,LMS/Bypasser,LMS/Bypasser,LMS/Bypasser,both
964969.0,learncraftspanish.teachable.com,,45797,105,false,true,8,true,true,true,true,LMS/Bypasser,LMS/Bypasser,LMS/Bypasser,both
1191389.0,careercrew.teachable.com,,3719,2,false,true,1,true,true,true,true,LMS/Bypasser,LMS/Bypasser,LMS/Bypasser,both
2015986.0,damar_university.teachable.com,,59,2,false,true,7,true,true,true,false,Aspiring,LMS/Bypasser,LMS/Bypasser,only one
2439432.0,cornerstonesafeguarding.teachable.com,,117,1,false,true,1,true,true,true,true,LMS/Bypasser,LMS/Bypasser,LMS/Bypasser,both
235915.0,judge-training.teachable.com,,370,23,false,false,4,true,true,true,true,LMS/Bypasser,LMS/Bypasser,LMS/Bypasser,both
437418.0,stevensonhureca.teachable.com,,1160,15,false,true,9,true,true,true,true,LMS/Bypasser,LMS/Bypasser,LMS/Bypasser,both
617895.0,oren-shimon.teachable.com,,82,1,false,true,1,true,true,true,false,Aspiring,LMS/Bypasser,LMS/Bypasser,only one
855740.0,yenahu.teachable.com,,52,1,false,true,1,true,true,true,false,Aspiring,LMS/Bypasser,LMS/Bypasser,only one
1436082.0,maggie-mcdowell-s-school.teachable.com,,100,5,false,true,7,true,false,true,true,LMS/Bypasser,Aspiring,LMS/Bypasser,only one
1536928.0,e-lex-studio-legale-s-school.teachable.com,,5144,12,false,true,2,true,true,true,true,LMS/Bypasser,LMS/Bypasser,LMS/Bypasser,both
1510375.0,phelps-training-group.teachable.com,,2406,6,false,true,3,true,false,true,true,LMS/Bypasser,Aspiring,LMS/Bypasser,only one
284998.0,cara-makeup-academy.teachable.com,,200,22,false,false,5,true,true,true,true,LMS/Bypasser,LMS/Bypasser,LMS/Bypasser,both
562583.0,www.thereachacademy.com,,233,41,true,false,5,true,false,true,true,LMS/Bypasser,Aspiring,LMS/Bypasser,only one
623629.0,citrus-u.teachable.com,,133,12,false,false,7,true,true,true,true,LMS/Bypasser,LMS/Bypasser,LMS/Bypasser,both
450339.0,ifooddecisionsciences-employeetraining.teachable.com,,200,34,false,true,4,true,true,true,true,LMS/Bypasser,LMS/Bypasser,LMS/Bypasser,both
2206008.0,auctionacademy.autobidmaster.com,,1239,2,true,true,5,true,false,true,true,LMS/Bypasser,Aspiring,LMS/Bypasser,only one
2344218.0,ratioflux.teachable.com,,322,8,false,true,6,true,false,true,true,LMS/Bypasser,Aspiring,LMS/Bypasser,only one
106848.0,mtbon.teachable.com,,8380,9,false,true,3,true,true,true,false,Aspiring,LMS/Bypasser,LMS/Bypasser,only one
677305.0,wisercommunication.teachable.com,,1021,14,false,true,2,true,true,true,true,LMS/Bypasser,LMS/Bypasser,LMS/Bypasser,both
1263407.0,fundacionaparejadores.teachable.com,,2021,107,false,true,12,true,true,true,true,LMS/Bypasser,LMS/Bypasser,LMS/Bypasser,both
1317705.0,ccci.teachable.com,,605,27,false,true,6,true,true,true,true,LMS/Bypasser,LMS/Bypasser,LMS/Bypasser,both
1326976.0,training.alkira.com,,1153,8,true,true,1,true,true,true,true,LMS/Bypasser,LMS/Bypasser,LMS/Bypasser,both
1655954.0,kelly-wood-s-school2.teachable.com,,21,2,false,true,1,true,true,true,false,Aspiring,LMS/Bypasser,LMS/Bypasser,only one
1933711.0,grzegorz-tworek-s-school.teachable.com,,434,3,false,true,1,true,true,true,true,LMS/Bypasser,LMS/Bypasser,LMS/Bypasser,both
1985620.0,thelawtog.teachable.com,,1002,8,false,true,1,true,false,true,true,LMS/Bypasser,Aspiring,LMS/Bypasser,only one
2212040.0,training.novasupports.com,,159,3,true,true,3,true,true,true,true,LMS/Bypasser,LMS/Bypasser,LMS/Bypasser,both
404098.0,www.hcelearning.com,,3341,54,true,true,6,true,true,true,true,LMS/Bypasser,LMS/Bypasser,LMS/Bypasser,both
647801.0,stellar-performance.teachable.com,,296,1,false,false,10,true,true,true,false,Aspiring,LMS/Bypasser,LMS/Bypasser,only one
665237.0,the-bottom-line.teachable.com,,249,12,false,true,4,true,true,true,true,LMS/Bypasser,LMS/Bypasser,LMS/Bypasser,both
1158423.0,learn.tradetron.tech,,21364,53,true,true,3,true,true,true,true,LMS/Bypasser,LMS/Bypasser,LMS/Bypasser,both
1162280.0,www.excelspeedwork.com,,3745,11,true,false,1,true,true,true,true,LMS/Bypasser,LMS/Bypasser,LMS/Bypasser,both
1455116.0,the-queer-therapist.teachable.com,,42,2,false,true,1,true,true,true,false,Aspiring,LMS/Bypasser,LMS/Bypasser,only one
2205772.0,resilienthealthportal.teachable.com,,748,7,false,true,4,true,true,true,true,LMS/Bypasser,LMS/Bypasser,LMS/Bypasser,both
2229202.0,jordan-vanover-s-school1.teachable.com,,131,14,false,true,7,true,true,true,true,LMS/Bypasser,LMS/Bypasser,LMS/Bypasser,both
2498861.0,adcrate.teachable.com,,678,1,false,true,5,true,true,true,true,LMS/Bypasser,LMS/Bypasser,LMS/Bypasser,both
462792.0,www.e4cconline.com,126014.0,28752,18,true,true,15,true,true,true,true,LMS/Bypasser,LMS/Bypasser,LMS/Bypasser,both
1154348.0,incbac-institute.teachable.com,,1648,3,false,true,4,true,true,true,false,Aspiring,LMS/Bypasser,LMS/Bypasser,only one
2224950.0,gfi-training-center.teachable.com,,5371,63,false,true,8,true,true,true,true,LMS/Bypasser,LMS/Bypasser,LMS/Bypasser,both
968492.0,barkclubtraining.teachable.com,,184,12,false,true,2,true,true,true,false,Aspiring,LMS/Bypasser,LMS/Bypasser,only one
1084716.0,bahby-banks-s-virtual-leadership-hub.teachable.com,,230,8,false,true,2,true,true,true,true,LMS/Bypasser,LMS/Bypasser,LMS/Bypasser,both
1478389.0,bnbuni.teachable.com,,174,3,false,true,1,true,true,true,false,Aspiring,LMS/Bypasser,LMS/Bypasser,only one
2105044.0,decisive-point-s-school_nsin-propel.teachable.com,,30,1,false,true,1,true,false,true,true,LMS/Bypasser,Aspiring,LMS/Bypasser,only one
70031.0,terras-irradient-academy.teachable.com,,74,10,false,true,2,true,true,true,false,Aspiring,LMS/Bypasser,LMS/Bypasser,only one
284443.0,school.leadershipunlocked.com,,20,2,true,true,4,true,true,true,false,Aspiring,LMS/Bypasser,LMS/Bypasser,only one
285509.0,vertice-school-of-logistics.teachable.com,,844,13,false,true,3,true,true,true,true,LMS/Bypasser,LMS/Bypasser,LMS/Bypasser,both
257960.0,patriot-companies.teachable.com,,29,3,false,true,1,true,true,true,false,Aspiring,LMS/Bypasser,LMS/Bypasser,only one
453651.0,learnhypnosisfast.teachable.com,,1051,95,false,true,1,true,true,true,true,LMS/Bypasser,LMS/Bypasser,LMS/Bypasser,both
556432.0,giraffeschool.teachable.com,,5388,25,false,false,3,true,true,true,true,LMS/Bypasser,LMS/Bypasser,LMS/Bypasser,both
675796.0,digital.leadguitar.org,,194,4,true,true,4,true,true,true,true,LMS/Bypasser,LMS/Bypasser,LMS/Bypasser,both
1015105.0,nwgospel.teachable.com,,549,6,false,true,6,true,true,true,false,Aspiring,LMS/Bypasser,LMS/Bypasser,only one
1395383.0,copy-mba-s-school.teachable.com,,11480,12,false,true,1,true,true,true,true,LMS/Bypasser,LMS/Bypasser,LMS/Bypasser,both
164174.0,outliers.teachable.com,,970,13,false,true,6,true,true,true,true,LMS/Bypasser,LMS/Bypasser,LMS/Bypasser,both
201934.0,proscai.teachable.com,,90,16,false,true,2,true,true,true,true,LMS/Bypasser,LMS/Bypasser,LMS/Bypasser,both
609623.0,mindrighthealth.teachable.com,,351,14,false,true,9,true,true,true,false,Aspiring,LMS/Bypasser,LMS/Bypasser,only one
1155971.0,academyforhustlers.teachable.com,,240,10,false,true,6,true,true,true,true,LMS/Bypasser,LMS/Bypasser,LMS/Bypasser,both
1477920.0,expedited-accreditations.teachable.com,,417,18,false,true,10,true,true,true,true,LMS/Bypasser,LMS/Bypasser,LMS/Bypasser,both
2107025.0,pace-project-s-school.teachable.com,,105,1,false,true,1,true,true,true,false,Aspiring,LMS/Bypasser,LMS/Bypasser,only one
2230594.0,redbud.teachable.com,,32,4,false,true,2,true,true,true,false,Aspiring,LMS/Bypasser,LMS/Bypasser,only one
2371178.0,trinoor-tashelix-school.teachable.com,,81,1,false,true,4,true,false,true,true,LMS/Bypasser,Aspiring,LMS/Bypasser,only one
2513349.0,learn.futuretrendsacademy.com,,1251,9,true,true,5,true,true,true,true,LMS/Bypasser,LMS/Bypasser,LMS/Bypasser,both
765586.0,campus.comarketers.com,,101,9,true,true,6,true,false,true,true,LMS/Bypasser,Aspiring,LMS/Bypasser,only one
1004967.0,the-coast-kit-website-template-tutorials.teachable.com,,444,20,false,true,1,true,true,true,false,Aspiring,LMS/Bypasser,LMS/Bypasser,only one
1308317.0,edoo-academy.teachable.com,,1451,4,false,true,2,true,true,true,true,LMS/Bypasser,LMS/Bypasser,LMS/Bypasser,both
1316151.0,ioncapacitacion.com,,448,6,true,false,1,true,true,true,true,LMS/Bypasser,LMS/Bypasser,LMS/Bypasser,both
1324398.0,trguniversity.teachable.com,,225,1,false,true,5,true,true,true,true,LMS/Bypasser,LMS/Bypasser,LMS/Bypasser,both
1434454.0,academy.mrdico.com,,1732,7,true,true,1,true,true,true,true,LMS/Bypasser,LMS/Bypasser,LMS/Bypasser,both
1448500.0,ryoiku-mikata-s-school.teachable.com,,101,2,false,true,1,true,true,true,false,Aspiring,LMS/Bypasser,LMS/Bypasser,only one
1568515.0,baja-design-s-school2.teachable.com,,71,12,false,true,2,true,true,true,false,Aspiring,LMS/Bypasser,LMS/Bypasser,only one
1938945.0,www.jabaiperformance.com,,67,4,true,false,1,true,true,true,true,LMS/Bypasser,LMS/Bypasser,LMS/Bypasser,both
2273807.0,sugey-piedra-s-school.teachable.com,,112,1,false,true,1,true,true,true,true,LMS/Bypasser,LMS/Bypasser,LMS/Bypasser,both
918144.0,cmrumooc.teachable.com,,45857,144,false,true,6,true,true,true,false,Aspiring,LMS/Bypasser,LMS/Bypasser,only one
108659.0,incubando.teachable.com,,1127,19,false,true,1,true,true,true,true,LMS/Bypasser,LMS/Bypasser,LMS/Bypasser,both
189809.0,edu.soul.co.id,,5007,116,true,false,3,true,true,true,true,LMS/Bypasser,LMS/Bypasser,LMS/Bypasser,both
909800.0,theoliverxp.teachable.com,,129,2,false,true,1,true,true,true,false,Aspiring,LMS/Bypasser,LMS/Bypasser,only one
1269748.0,healthcare-team.teachable.com,,258,5,false,true,9,true,true,true,true,LMS/Bypasser,LMS/Bypasser,LMS/Bypasser,both
1304542.0,community.aloktaunk.com,,2111,26,true,true,1,true,true,true,true,LMS/Bypasser,LMS/Bypasser,LMS/Bypasser,both
1356550.0,voca-editorial-s-school2.teachable.com,,819,4,false,true,1,true,true,true,true,LMS/Bypasser,LMS/Bypasser,LMS/Bypasser,both
1523452.0,www.coffeecartcollective.com,15054.0,205,4,true,true,1,true,false,true,true,LMS/Bypasser,Aspiring,LMS/Bypasser,only one
958384.0,ibo.teachable.com,,20645,30,false,false,229,true,true,true,true,LMS/Bypasser,LMS/Bypasser,LMS/Bypasser,both
411139.0,sherrys-med-class.teachable.com,,1081,1,false,true,1,true,true,true,false,Aspiring,LMS/Bypasser,LMS/Bypasser,only one
431760.0,lli-akatemia.teachable.com,,380,30,false,true,7,true,true,true,true,LMS/Bypasser,LMS/Bypasser,LMS/Bypasser,both
631805.0,courses.balanceandbreathyoga.com,,109,19,true,false,2,true,true,true,false,Aspiring,LMS/Bypasser,LMS/Bypasser,only one
910479.0,nissanguam.teachable.com,,290,5,false,true,1,true,true,true,true,LMS/Bypasser,LMS/Bypasser,LMS/Bypasser,both
1064284.0,skynation-academy.teachable.com,,280,3,false,true,1,true,true,true,true,LMS/Bypasser,LMS/Bypasser,LMS/Bypasser,both
1440124.0,dpsneak.teachable.com,,799,10,false,false,6,true,true,true,false,Aspiring,LMS/Bypasser,LMS/Bypasser,only one
1625381.0,love-works-for-all.teachable.com,,26,3,false,true,6,true,true,true,false,Aspiring,LMS/Bypasser,LMS/Bypasser,only one
459282.0,decursist.teachable.com,,2867,33,false,true,9,true,true,true,true,LMS/Bypasser,LMS/Bypasser,LMS/Bypasser,both
56256.0,dehartschool.teachable.com,,45,2,false,true,1,true,true,true,false,Aspiring,LMS/Bypasser,LMS/Bypasser,only one
67456.0,coyfc.teachable.com,,966,58,false,true,6,true,true,true,true,LMS/Bypasser,LMS/Bypasser,LMS/Bypasser,both
166522.0,impulse-akademie.teachable.com,,2200,43,false,true,2,true,true,true,true,LMS/Bypasser,LMS/Bypasser,LMS/Bypasser,both
623532.0,nepalammer.teachable.com,,2899,18,false,false,4,true,true,true,true,LMS/Bypasser,LMS/Bypasser,LMS/Bypasser,both
690119.0,ana-y-lucas-exploradores.teachable.com,,226,30,false,false,3,true,true,true,true,LMS/Bypasser,LMS/Bypasser,LMS/Bypasser,both
1108532.0,gracetheamazing.teachable.com,,10093,33,false,true,1,true,true,true,true,LMS/Bypasser,LMS/Bypasser,LMS/Bypasser,both
1211246.0,turing1.teachable.com,,183,6,false,true,1,true,true,true,true,LMS/Bypasser,LMS/Bypasser,LMS/Bypasser,both
1287918.0,academy.quickwork.co,,196,16,true,true,9,true,true,true,true,LMS/Bypasser,LMS/Bypasser,LMS/Bypasser,both
1657767.0,royalcaninmxschool.teachable.com,,146,15,false,false,5,true,false,true,true,LMS/Bypasser,Aspiring,LMS/Bypasser,only one
202219.0,dostrojona-dusza.teachable.com,,596,41,false,true,1,true,true,true,false,Aspiring,LMS/Bypasser,LMS/Bypasser,only one
366649.0,yogasite.teachable.com,,640,6,false,true,4,true,false,true,true,LMS/Bypasser,Aspiring,LMS/Bypasser,only one
640982.0,www.summit-mt-academy.com,,127,3,true,true,6,true,true,true,false,Aspiring,LMS/Bypasser,LMS/Bypasser,only one
1437102.0,campus.premieregrp.com,,641,17,true,true,10,true,true,true,true,LMS/Bypasser,LMS/Bypasser,LMS/Bypasser,both
40368.0,game-changing-business-skills.teachable.com,,65,3,false,true,1,true,true,true,false,Aspiring,LMS/Bypasser,LMS/Bypasser,only one
884542.0,inventive-university.teachable.com,,90,11,false,true,3,true,true,true,false,Aspiring,LMS/Bypasser,LMS/Bypasser,only one
1013393.0,healing-heart-nutrition-llc.teachable.com,,23,1,false,true,1,true,true,true,false,Aspiring,LMS/Bypasser,LMS/Bypasser,only one
1212305.0,otta-operations.teachable.com,,146,15,false,true,9,true,true,true,true,LMS/Bypasser,LMS/Bypasser,LMS/Bypasser,both
1213601.0,chinmaya-academy-for-civil-services-tnpsc-courses.teachable.com,,577,44,false,true,1,true,true,true,true,LMS/Bypasser,LMS/Bypasser,LMS/Bypasser,both
1297633.0,supplychainacademy.teachable.com,,379,19,false,true,17,true,true,true,true,LMS/Bypasser,LMS/Bypasser,LMS/Bypasser,both
1357700.0,savacenter.teachable.com,,100,3,false,true,1,true,true,true,false,Aspiring,LMS/Bypasser,LMS/Bypasser,only one
1941525.0,akhlaqschool.iinsan.org,,1100,34,true,true,1,true,true,true,true,LMS/Bypasser,LMS/Bypasser,LMS/Bypasser,both
2012057.0,virginia-black-chamber-of-commerce.teachable.com,,163,6,false,true,2,true,true,true,false,Aspiring,LMS/Bypasser,LMS/Bypasser,only one
2415537.0,joanne-riddell-s-school.teachable.com,,62,4,false,true,6,true,false,true,true,LMS/Bypasser,Aspiring,LMS/Bypasser,only one
2589793.0,mingyue-liao-s-school.teachable.com,,29,1,false,true,1,true,true,true,false,Aspiring,LMS/Bypasser,LMS/Bypasser,only one
2658579.0,mastery.lftt.co.uk,,96,4,true,false,1,true,true,true,true,LMS/Bypasser,LMS/Bypasser,LMS/Bypasser,both
292968.0,business-alien.teachable.com,,21885,205,false,true,10,true,true,true,true,LMS/Bypasser,LMS/Bypasser,LMS/Bypasser,both
1640177.0,happyparentshappybaby.teachable.com,,63420,111,false,true,8,true,true,true,true,LMS/Bypasser,LMS/Bypasser,LMS/Bypasser,both
2163603.0,courses.zscoreacademy.com,,2429,2,true,false,1,true,true,true,true,LMS/Bypasser,LMS/Bypasser,LMS/Bypasser,both
154536.0,terveoppivamielikoulutus.teachable.com,,678,68,false,true,4,true,false,true,true,LMS/Bypasser,Aspiring,LMS/Bypasser,only one
362437.0,oisource.teachable.com,,71,1,false,true,1,true,true,true,false,Aspiring,LMS/Bypasser,LMS/Bypasser,only one
669194.0,eminenceresource.teachable.com,,16,20,false,true,1,true,true,true,false,Aspiring,LMS/Bypasser,LMS/Bypasser,only one
1217635.0,lifeflow-consulting-leadership-coaching.teachable.com,,352,23,false,true,2,true,true,true,true,LMS/Bypasser,LMS/Bypasser,LMS/Bypasser,both
1472081.0,gmlmediabootcamp.teachable.com,,313,1,false,true,1,true,true,true,false,Aspiring,LMS/Bypasser,LMS/Bypasser,only one
529108.0,adrian-school-of-massage.teachable.com,,216,25,false,false,11,true,false,true,true,LMS/Bypasser,Aspiring,LMS/Bypasser,only one
708970.0,imageskincarebenelux.teachable.com,,1054,19,false,true,12,true,true,true,false,Aspiring,LMS/Bypasser,LMS/Bypasser,only one
239840.0,alison-callan.teachable.com,,90,7,false,true,2,true,true,true,false,Aspiring,LMS/Bypasser,LMS/Bypasser,only one
382027.0,dimago.teachable.com,,300,1,false,true,2,true,true,true,false,Aspiring,LMS/Bypasser,LMS/Bypasser,only one
637969.0,taekwondofita.teachable.com,,1034,3,false,true,2,true,true,true,true,LMS/Bypasser,LMS/Bypasser,LMS/Bypasser,both
917292.0,ncat-virtual.teachable.com,,318,6,false,true,2,true,true,true,true,LMS/Bypasser,LMS/Bypasser,LMS/Bypasser,both
1022678.0,nci-affiliates-achievement-house.teachable.com,,618,25,false,true,14,true,true,true,true,LMS/Bypasser,LMS/Bypasser,LMS/Bypasser,both
1163341.0,programa-de-educacion-complementaria1.teachable.com,,59,2,false,true,1,true,true,true,false,Aspiring,LMS/Bypasser,LMS/Bypasser,only one
1366884.0,delasco.teachable.com,,230,3,false,true,10,true,true,true,false,Aspiring,LMS/Bypasser,LMS/Bypasser,only one
1550159.0,quantumaesthetics.teachable.com,,197,8,false,true,3,true,false,true,true,LMS/Bypasser,Aspiring,LMS/Bypasser,only one
1985167.0,park-place-university.teachable.com,,594,3,false,true,3,true,true,true,true,LMS/Bypasser,LMS/Bypasser,LMS/Bypasser,both
2250740.0,learn.squadplus.tech,,115,6,true,false,7,true,false,true,true,LMS/Bypasser,Aspiring,LMS/Bypasser,only one
197830.0,psu-abq.teachable.com,,16630,150,false,true,7,true,false,true,true,LMS/Bypasser,Aspiring,LMS/Bypasser,only one
300894.0,60db.teachable.com,,7754,39,false,true,1,true,true,true,true,LMS/Bypasser,LMS/Bypasser,LMS/Bypasser,both
317245.0,online.bernsteintestprep.com,,15141,43,true,false,4,true,true,true,true,LMS/Bypasser,LMS/Bypasser,LMS/Bypasser,both
826270.0,courses.africinnov.com,,308,12,true,true,2,true,true,true,true,LMS/Bypasser,LMS/Bypasser,LMS/Bypasser,both
910632.0,activehope.training,99.0,12527,7,true,true,2,true,true,true,true,LMS/Bypasser,LMS/Bypasser,LMS/Bypasser,both
1042746.0,campus-virtual-extension.teachable.com,,16543,76,false,true,17,true,true,true,true,LMS/Bypasser,LMS/Bypasser,LMS/Bypasser,both
1227005.0,milda-sabiene.teachable.com,,5029,43,false,true,5,true,true,true,true,LMS/Bypasser,LMS/Bypasser,LMS/Bypasser,both
1357459.0,business-bestie.teachable.com,,1991,25,false,true,2,true,true,true,true,LMS/Bypasser,LMS/Bypasser,LMS/Bypasser,both
1602429.0,jsclass.teachable.com,,33,3,false,true,2,true,true,true,false,Aspiring,LMS/Bypasser,LMS/Bypasser,only one
205530.0,www.phoenix-academia.com,,64,4,true,true,1,true,false,true,true,LMS/Bypasser,Aspiring,LMS/Bypasser,only one
531815.0,ppcitraining.teachable.com,,2700,21,false,true,5,true,true,true,true,LMS/Bypasser,LMS/Bypasser,LMS/Bypasser,both
669364.0,the-memory-curator.teachable.com,,3580,81,false,true,2,true,true,true,true,LMS/Bypasser,LMS/Bypasser,LMS/Bypasser,both
751290.0,auti.cocri.info,,5687,321,true,true,14,true,true,true,true,LMS/Bypasser,LMS/Bypasser,LMS/Bypasser,both
967163.0,teach2reach.teachable.com,,112,4,false,true,1,true,true,true,true,LMS/Bypasser,LMS/Bypasser,LMS/Bypasser,both
1122788.0,mypage.445sekai1.com,,280,5,true,false,1,true,false,true,true,LMS/Bypasser,Aspiring,LMS/Bypasser,only one
1277113.0,jamsuniversity.teachable.com,,66,1,false,true,6,true,true,true,true,LMS/Bypasser,LMS/Bypasser,LMS/Bypasser,both
1295332.0,tippawan-nuntrakune-s-school.teachable.com,,527,20,false,true,1,true,true,true,true,LMS/Bypasser,LMS/Bypasser,LMS/Bypasser,both
1340847.0,www.papapmama90days.com,,1465,10,true,false,1,true,true,true,true,LMS/Bypasser,LMS/Bypasser,LMS/Bypasser,both
1433948.0,thelashvaultacademy.teachable.com,,221,11,false,false,4,true,true,true,false,Aspiring,LMS/Bypasser,LMS/Bypasser,only one
1935098.0,sohtikkhatahmar.teachable.com,,263,1,false,true,1,true,false,true,true,LMS/Bypasser,Aspiring,LMS/Bypasser,only one
844985.0,business-dad1.teachable.com,,363,8,false,true,1,true,false,true,true,LMS/Bypasser,Aspiring,LMS/Bypasser,only one
1245853.0,zci-million-dollar-blueprint.teachable.com,,200,3,false,true,4,true,true,true,false,Aspiring,LMS/Bypasser,LMS/Bypasser,only one
1324557.0,neuronsgrp.com,,407,18,true,false,1,true,true,true,true,LMS/Bypasser,LMS/Bypasser,LMS/Bypasser,both
1467247.0,pacific-center-of-somatic-sexology.teachable.com,,45,4,false,false,6,true,true,true,false,Aspiring,LMS/Bypasser,LMS/Bypasser,only one
1696629.0,cursus.businessklas.online,,63,2,true,true,4,true,true,true,true,LMS/Bypasser,LMS/Bypasser,LMS/Bypasser,both
2447674.0,alemanconlaura.teachable.com,,51,5,false,true,1,true,true,true,true,LMS/Bypasser,LMS/Bypasser,LMS/Bypasser,both
2548271.0,john-sock-s-school.teachable.com,,45,1,false,true,1,true,true,true,true,LMS/Bypasser,LMS/Bypasser,LMS/Bypasser,both
40697.0,pangeashellfish.teachable.com,,2022,2,false,true,1,true,true,true,false,Aspiring,LMS/Bypasser,LMS/Bypasser,only one
413605.0,tc-incubator1.teachable.com,,43,10,false,false,3,true,true,true,false,Aspiring,LMS/Bypasser,LMS/Bypasser,only one
774999.0,aep-economic-development.teachable.com,,1200,3,false,true,5,true,true,true,false,Aspiring,LMS/Bypasser,LMS/Bypasser,only one
796211.0,vergissmeinnie.teachable.com,,224,1,false,true,1,true,true,true,false,Aspiring,LMS/Bypasser,LMS/Bypasser,only one
1062154.0,horsenergy-life-coaching.teachable.com,,54,6,false,true,1,true,true,true,false,Aspiring,LMS/Bypasser,LMS/Bypasser,only one
2076670.0,dr-heather-lamb-s-school.teachable.com,,134,1,false,true,1,true,true,true,false,Aspiring,LMS/Bypasser,LMS/Bypasser,only one
341032.0,academy.vapotherm.com,,75618,67,true,true,8,true,false,true,true,LMS/Bypasser,Aspiring,LMS/Bypasser,only one
668870.0,facial-aesthetic-courses.teachable.com,,334,10,false,true,4,true,true,true,false,Aspiring,LMS/Bypasser,LMS/Bypasser,only one
1348675.0,sienceacademie.com,,15400,58,true,false,10,true,true,true,true,LMS/Bypasser,LMS/Bypasser,LMS/Bypasser,both
58150.0,lms.ivyproschool.com,,5257,169,true,true,1,true,true,true,true,LMS/Bypasser,LMS/Bypasser,LMS/Bypasser,both
667973.0,jabc.teachable.com,,1367,11,false,false,3,true,true,true,true,LMS/Bypasser,LMS/Bypasser,LMS/Bypasser,both
691043.0,singlemomm.teachable.com,,86,13,false,true,2,true,true,true,false,Aspiring,LMS/Bypasser,LMS/Bypasser,only one
927405.0,philanthropymassachusetts.teachable.com,,499,13,false,true,1,true,true,true,true,LMS/Bypasser,LMS/Bypasser,LMS/Bypasser,both
958145.0,pronext-educacional.teachable.com,,83,76,false,true,2,true,true,true,false,Aspiring,LMS/Bypasser,LMS/Bypasser,only one
1364713.0,s-school9945.teachable.com,,610,28,false,true,2,true,true,true,true,LMS/Bypasser,LMS/Bypasser,LMS/Bypasser,both
2379093.0,course.thechillacademy.com,,228,7,true,false,3,true,false,true,true,LMS/Bypasser,Aspiring,LMS/Bypasser,only one
962470.0,thebambiniway.teachable.com,,425,12,false,true,5,true,true,true,true,LMS/Bypasser,LMS/Bypasser,LMS/Bypasser,both
207844.0,civil-survey-solutions.teachable.com,,2898,9,false,true,9,true,true,true,false,Aspiring,LMS/Bypasser,LMS/Bypasser,only one
224794.0,martialartscenter.de,,137,24,true,false,2,true,true,true,true,LMS/Bypasser,LMS/Bypasser,LMS/Bypasser,both
937142.0,stephanix1.teachable.com,,281,12,false,true,1,true,true,true,true,LMS/Bypasser,LMS/Bypasser,LMS/Bypasser,both
1159353.0,novicate-academy.teachable.com,,485,7,false,false,14,true,true,true,true,LMS/Bypasser,LMS/Bypasser,LMS/Bypasser,both
1174826.0,tbcinstitute.teachable.com,,75,5,false,true,1,true,false,true,true,LMS/Bypasser,Aspiring,LMS/Bypasser,only one
1398433.0,academy.skale.so,,67,2,true,true,2,true,true,true,true,LMS/Bypasser,LMS/Bypasser,LMS/Bypasser,both
1659882.0,joanne-steinbeck-educator-institute-msm.teachable.com,,152,12,false,true,2,true,false,true,true,LMS/Bypasser,Aspiring,LMS/Bypasser,only one
1981533.0,pin-s-school1.teachable.com,,728,1,false,true,1,true,true,true,true,LMS/Bypasser,LMS/Bypasser,LMS/Bypasser,both
2687072.0,wolf-willow.teachable.com,,32,1,false,true,1,true,false,true,true,LMS/Bypasser,Aspiring,LMS/Bypasser,only one
374452.0,www.encontrocomapalavra.net,55761.0,39257,16,true,true,6,true,true,true,false,Aspiring,LMS/Bypasser,LMS/Bypasser,only one
1301257.0,regional-office-of-education-21.teachable.com,,112,4,false,true,7,true,false,true,true,LMS/Bypasser,Aspiring,LMS/Bypasser,only one
1586458.0,capacityproject.teachable.com,,24,1,false,true,3,true,true,true,false,Aspiring,LMS/Bypasser,LMS/Bypasser,only one
1821078.0,my.dnsfordevelopers.com,,1515,2,true,true,1,true,false,true,true,LMS/Bypasser,Aspiring,LMS/Bypasser,only one
1970372.0,next-church.teachable.com,,423,28,false,true,3,true,true,true,true,LMS/Bypasser,LMS/Bypasser,LMS/Bypasser,both
500576.0,diamond5.teachable.com,,542,15,false,true,4,true,true,true,true,LMS/Bypasser,LMS/Bypasser,LMS/Bypasser,both
367536.0,scuolatranspersonale.teachable.com,,72,17,false,true,4,true,true,true,true,LMS/Bypasser,LMS/Bypasser,LMS/Bypasser,both
564257.0,pitsco.teachable.com,,1186,10,false,true,5,true,true,true,true,LMS/Bypasser,LMS/Bypasser,LMS/Bypasser,both
998891.0,optiphi.teachable.com,,550,16,false,true,8,true,true,true,true,LMS/Bypasser,LMS/Bypasser,LMS/Bypasser,both
1390552.0,genesys-learnable.teachable.com,,1748,5,false,true,1,true,true,true,false,Aspiring,LMS/Bypasser,LMS/Bypasser,only one
1442918.0,samantha-clancy-s-school.teachable.com,,227,3,false,true,1,true,false,true,true,LMS/Bypasser,Aspiring,LMS/Bypasser,only one
1562749.0,course.snooker.online,,3048,2,true,true,4,true,true,true,true,LMS/Bypasser,LMS/Bypasser,LMS/Bypasser,both
1928432.0,s-school14095.teachable.com,,115,5,false,true,2,true,false,true,true,LMS/Bypasser,Aspiring,LMS/Bypasser,only one
1939956.0,the-gryphin-advantage-s-school.teachable.com,,79,8,false,true,4,true,true,true,true,LMS/Bypasser,LMS/Bypasser,LMS/Bypasser,both
2096023.0,kay-mcguire-s-school.teachable.com,,100,3,false,true,1,true,false,true,true,LMS/Bypasser,Aspiring,LMS/Bypasser,only one
2661040.0,dharan-shah-s-school.teachable.com,,84,1,false,true,1,true,false,true,true,LMS/Bypasser,Aspiring,LMS/Bypasser,only one
1197170.0,www.minervaeducacionfinanciera.mx,,26497,1,true,true,2,true,false,true,true,LMS/Bypasser,Aspiring,LMS/Bypasser,only one
934426.0,girlfriend-s-budget-academy.teachable.com,,54,4,false,true,1,true,true,true,false,Aspiring,LMS/Bypasser,LMS/Bypasser,only one
1011904.0,optimumhealthclinic.teachable.com,,958,37,false,true,4,true,true,true,true,LMS/Bypasser,LMS/Bypasser,LMS/Bypasser,both
1654604.0,jazarae-rodgers-s-school.teachable.com,,53,1,false,true,1,true,true,true,false,Aspiring,LMS/Bypasser,LMS/Bypasser,only one
345212.0,creative-bridges.teachable.com,,484,4,false,true,2,true,true,true,false,Aspiring,LMS/Bypasser,LMS/Bypasser,only one
873081.0,oem2.teachable.com,,168,1,false,false,5,true,true,true,false,Aspiring,LMS/Bypasser,LMS/Bypasser,only one
1153115.0,courses.sateeshacademy.in,,2969,16,true,false,1,true,true,true,true,LMS/Bypasser,LMS/Bypasser,LMS/Bypasser,both
1224915.0,lapp-realty.teachable.com,,69,6,false,true,2,true,true,true,false,Aspiring,LMS/Bypasser,LMS/Bypasser,only one
1657085.0,lab.unilas.it,,237,18,true,true,1,true,true,true,true,LMS/Bypasser,LMS/Bypasser,LMS/Bypasser,both
764427.0,ezbreakouts.teachable.com,,4055,21,false,false,10,true,true,true,true,LMS/Bypasser,LMS/Bypasser,LMS/Bypasser,both
687270.0,neoacademy.teachable.com,,890,35,false,true,1,true,true,true,true,LMS/Bypasser,LMS/Bypasser,LMS/Bypasser,both
1064611.0,silkmandarin.teachable.com,,728,15,false,true,1,true,false,true,true,LMS/Bypasser,Aspiring,LMS/Bypasser,only one
2455337.0,mamba-financial-group-bootcamp.teachable.com,,87,1,false,true,1,true,true,true,false,Aspiring,LMS/Bypasser,LMS/Bypasser,only one
2578147.0,deidox-s-school.teachable.com,,57,1,false,true,1,true,false,true,true,LMS/Bypasser,Aspiring,LMS/Bypasser,only one
139541.0,griffinrealtygroup.teachable.com,,520,6,false,false,6,true,true,true,true,LMS/Bypasser,LMS/Bypasser,LMS/Bypasser,both
344729.0,smartwisdom-university.teachable.com,,397,7,false,true,2,true,true,true,true,LMS/Bypasser,LMS/Bypasser,LMS/Bypasser,both
565536.0,northpoint.academy,,588,13,true,true,1,true,false,true,true,LMS/Bypasser,Aspiring,LMS/Bypasser,only one
1509702.0,zazventure.teachable.com,,140,3,false,true,2,true,true,true,true,LMS/Bypasser,LMS/Bypasser,LMS/Bypasser,both
1931251.0,from-freeze-to-thaw.teachable.com,,392,15,false,true,1,true,false,true,true,LMS/Bypasser,Aspiring,LMS/Bypasser,only one
2099638.0,learn.zeroday.academy,,129,4,true,true,1,true,true,true,false,Aspiring,LMS/Bypasser,LMS/Bypasser,only one
2368646.0,mouvement-humain-s-school.teachable.com,,43,14,false,true,1,true,false,true,true,LMS/Bypasser,Aspiring,LMS/Bypasser,only one
2472130.0,andreeaelisei.teachable.com,,25,1,false,true,1,true,false,true,true,LMS/Bypasser,Aspiring,LMS/Bypasser,only one
302370.0,fed-biz-exchange.teachable.com,,2143,21,false,false,9,true,true,true,true,LMS/Bypasser,LMS/Bypasser,LMS/Bypasser,both
145202.0,wildflowerstory.teachable.com,,25,2,false,true,1,true,true,true,false,Aspiring,LMS/Bypasser,LMS/Bypasser,only one
299818.0,nium.teachable.com,,842,8,false,true,10,true,true,true,true,LMS/Bypasser,LMS/Bypasser,LMS/Bypasser,both
403620.0,bc-academy1.teachable.com,,267,17,false,true,1,true,true,true,false,Aspiring,LMS/Bypasser,LMS/Bypasser,only one
541263.0,aupairusa.teachable.com,,3165,22,false,true,7,true,true,true,true,LMS/Bypasser,LMS/Bypasser,LMS/Bypasser,both
1007921.0,asup.teachable.com,,425,35,false,true,5,true,true,true,true,LMS/Bypasser,LMS/Bypasser,LMS/Bypasser,both
1263342.0,assessable.teachable.com,,29,2,false,true,2,true,true,true,false,Aspiring,LMS/Bypasser,LMS/Bypasser,only one
1475370.0,cambium-sustainable.teachable.com,,393,7,false,true,1,true,true,true,true,LMS/Bypasser,LMS/Bypasser,LMS/Bypasser,both
1956927.0,cincinnati-institute-of-esthetics-and-nails.teachable.com,,473,9,false,false,3,true,true,true,true,LMS/Bypasser,LMS/Bypasser,LMS/Bypasser,both
2355603.0,george-perelshteyn-s-school.teachable.com,,71,1,false,true,2,true,true,true,true,LMS/Bypasser,LMS/Bypasser,LMS/Bypasser,both
2663338.0,shopline-academy-hk.teachable.com,,137,3,false,true,1,true,false,true,true,LMS/Bypasser,Aspiring,LMS/Bypasser,only one
303866.0,napier-pr-marketing-training.teachable.com,,87,16,false,true,5,true,true,true,true,LMS/Bypasser,LMS/Bypasser,LMS/Bypasser,both
659350.0,oxygen.shaijuudaya.com,,1853,34,true,false,1,true,true,true,true,LMS/Bypasser,LMS/Bypasser,LMS/Bypasser,both
1025853.0,mass-literacy-hosted-by-keys-to-literacy.teachable.com,,2153,10,false,true,7,true,true,true,true,LMS/Bypasser,LMS/Bypasser,LMS/Bypasser,both
1067255.0,alpenglow-expeditions-aiare-1-avalanche-course.teachable.com,,1152,3,false,true,6,true,true,true,false,Aspiring,LMS/Bypasser,LMS/Bypasser,only one
1287239.0,tristar-academy.teachable.com,,266,25,false,true,4,true,true,true,true,LMS/Bypasser,LMS/Bypasser,LMS/Bypasser,both
1471442.0,institutopreminence.teachable.com,,3981,102,false,true,1,true,true,true,true,LMS/Bypasser,LMS/Bypasser,LMS/Bypasser,both
1478909.0,cardgrinders.teachable.com,,141,5,false,true,1,true,true,true,true,LMS/Bypasser,LMS/Bypasser,LMS/Bypasser,both
1753594.0,ocmd-s-school.teachable.com,,3077,17,false,true,1,true,false,true,true,LMS/Bypasser,Aspiring,LMS/Bypasser,only one
2079356.0,iglesia-el-calvario-s-school.teachable.com,,198,28,false,true,5,true,true,true,false,Aspiring,LMS/Bypasser,LMS/Bypasser,only one
2319353.0,sportsguide.com.au,,35,3,true,false,1,true,false,true,true,LMS/Bypasser,Aspiring,LMS/Bypasser,only one
82801.0,decoratorsvoice.teachable.com,,13,1,false,true,1,true,true,true,false,Aspiring,LMS/Bypasser,LMS/Bypasser,only one
150520.0,redquadrantacademy.teachable.com,,350,12,false,true,6,true,true,true,true,LMS/Bypasser,LMS/Bypasser,LMS/Bypasser,both
459509.0,heartstrongacademy.teachable.com,,125,10,false,true,1,true,false,true,true,LMS/Bypasser,Aspiring,LMS/Bypasser,only one
526622.0,akhcan.teachable.com,,717,9,false,true,7,true,true,true,false,Aspiring,LMS/Bypasser,LMS/Bypasser,only one
1004172.0,academy.axi.com,,11619,4,true,true,6,true,true,true,false,Aspiring,LMS/Bypasser,LMS/Bypasser,only one
1043260.0,wild-education-tasmania.teachable.com,,2007,9,false,true,4,true,true,true,true,LMS/Bypasser,LMS/Bypasser,LMS/Bypasser,both
1723812.0,anthonymarinellimusic.teachable.com,,1559,2,false,true,5,true,true,true,true,LMS/Bypasser,LMS/Bypasser,LMS/Bypasser,both
263790.0,academy.blueshift.com,,4307,12,true,true,9,true,true,true,true,LMS/Bypasser,LMS/Bypasser,LMS/Bypasser,both
104342.0,cppt-acsq.teachable.com,,5631,2,false,true,9,true,true,true,false,Aspiring,LMS/Bypasser,LMS/Bypasser,only one
344755.0,step.manufacturingtransformation.io,,1724,18,true,true,10,true,true,true,false,Aspiring,LMS/Bypasser,LMS/Bypasser,only one
459271.0,westcoast-security-officer-training-center.teachable.com,,331,20,false,true,3,true,true,true,true,LMS/Bypasser,LMS/Bypasser,LMS/Bypasser,both
785604.0,purehypnosishq.teachable.com,,244,17,false,true,5,true,true,true,false,Aspiring,LMS/Bypasser,LMS/Bypasser,only one
1046597.0,software-licensing-consultants.teachable.com,,22,1,false,true,2,true,true,true,false,Aspiring,LMS/Bypasser,LMS/Bypasser,only one
1245052.0,vismar-real-estate.teachable.com,,193,16,false,false,7,true,true,true,true,LMS/Bypasser,LMS/Bypasser,LMS/Bypasser,both
306304.0,accountinghubacademy.teachable.com,,22812,50,false,true,7,true,true,true,true,LMS/Bypasser,LMS/Bypasser,LMS/Bypasser,both
1935288.0,acuscopetraining.teachable.com,,193,12,false,false,4,true,true,true,true,LMS/Bypasser,LMS/Bypasser,LMS/Bypasser,both
2113852.0,kertos-iso-27001-course.teachable.com,,441,1,false,true,1,true,true,true,false,Aspiring,LMS/Bypasser,LMS/Bypasser,only one
2359987.0,cemex-university-s-school.teachable.com,,3120,12,false,true,26,true,false,true,true,LMS/Bypasser,Aspiring,LMS/Bypasser,only one
2455829.0,vedant-sharma-s-school.teachable.com,,73,4,false,true,11,true,false,true,true,LMS/Bypasser,Aspiring,LMS/Bypasser,only one
168248.0,hockley-valley-resort.teachable.com,,1741,74,false,true,7,true,true,true,false,Aspiring,LMS/Bypasser,LMS/Bypasser,only one
311285.0,fikksacademy.teachable.com,,2159,7,false,true,5,true,true,true,true,LMS/Bypasser,LMS/Bypasser,LMS/Bypasser,both
591502.0,wecaptech.teachable.com,,91,1,false,true,1,true,true,true,true,LMS/Bypasser,LMS/Bypasser,LMS/Bypasser,both
723412.0,degeluksroute.teachable.com,,864,8,false,true,6,true,true,true,true,LMS/Bypasser,LMS/Bypasser,LMS/Bypasser,both
2524453.0,renewed-integrative-counseling-s-school.teachable.com,,48,4,false,true,1,true,false,true,true,LMS/Bypasser,Aspiring,LMS/Bypasser,only one
235601.0,shengzhen.online,,6385,7,true,true,6,true,true,true,false,Aspiring,LMS/Bypasser,LMS/Bypasser,only one
193201.0,melissamaribel.teachable.com,,7650,2,false,true,1,true,false,true,true,LMS/Bypasser,Aspiring,LMS/Bypasser,only one
398635.0,iar-education.teachable.com,,366,3,false,true,2,true,true,true,false,Aspiring,LMS/Bypasser,LMS/Bypasser,only one
633333.0,sparta-academy.teachable.com,,4059,28,false,true,8,true,true,true,true,LMS/Bypasser,LMS/Bypasser,LMS/Bypasser,both
720794.0,moneyquotient.teachable.com,,455,47,false,true,10,true,true,true,true,LMS/Bypasser,LMS/Bypasser,LMS/Bypasser,both
1028997.0,my-yummy-spatula-pastry-school.teachable.com,,69,12,false,true,1,true,false,true,true,LMS/Bypasser,Aspiring,LMS/Bypasser,only one
1119160.0,rocket-doctor.teachable.com,,278,4,false,true,5,true,true,true,true,LMS/Bypasser,LMS/Bypasser,LMS/Bypasser,both
1162026.0,carbonext.teachable.com,,553,1,false,true,5,true,true,true,true,LMS/Bypasser,LMS/Bypasser,LMS/Bypasser,both
1331557.0,academy.vws.org.za,,827,20,true,true,5,true,true,true,true,LMS/Bypasser,LMS/Bypasser,LMS/Bypasser,both
2115410.0,iss-school.teachable.com,,48,1,false,true,6,true,true,true,false,Aspiring,LMS/Bypasser,LMS/Bypasser,only one
2192187.0,wearechangemakers.ca,,65,17,true,true,9,true,false,true,true,LMS/Bypasser,Aspiring,LMS/Bypasser,only one
114719.0,njcasa-online-campus.teachable.com,,459,24,false,true,1,true,true,true,false,Aspiring,LMS/Bypasser,LMS/Bypasser,only one
803838.0,www.tradebusinessaccelerator.co.uk,19553.0,5282,51,true,true,8,true,true,true,true,LMS/Bypasser,LMS/Bypasser,LMS/Bypasser,both
1337915.0,theconversationuktraining.teachable.com,,1896,4,false,true,1,true,true,true,false,Aspiring,LMS/Bypasser,LMS/Bypasser,only one
1414046.0,the-boston-congress-of-public-health-academy.teachable.com,,104,18,false,true,4,true,false,true,true,LMS/Bypasser,Aspiring,LMS/Bypasser,only one
2248372.0,courses.elequate.io,,657,2,true,true,1,true,true,true,true,LMS/Bypasser,LMS/Bypasser,LMS/Bypasser,both
77378.0,ronic.teachable.com,,183,8,false,true,8,true,true,true,false,Aspiring,LMS/Bypasser,LMS/Bypasser,only one
246730.0,escueladenegocioseninternet.luislorenzoriverasevilla.com,,27,3,true,true,1,true,true,true,false,Aspiring,LMS/Bypasser,LMS/Bypasser,only one
268269.0,rmsi.teachable.com,,14964,58,false,true,4,true,true,true,true,LMS/Bypasser,LMS/Bypasser,LMS/Bypasser,both
615343.0,engagingcultivate.com,73333.0,3676,6,true,true,5,true,true,true,true,LMS/Bypasser,LMS/Bypasser,LMS/Bypasser,both
813122.0,equitable-life-education.teachable.com,,75391,44,false,true,14,true,true,true,true,LMS/Bypasser,LMS/Bypasser,LMS/Bypasser,both
1111418.0,yvonnehofstetter.teachable.com,,82,2,false,true,1,true,true,true,true,LMS/Bypasser,LMS/Bypasser,LMS/Bypasser,both
1407216.0,www.tfnacademy.com,3659.0,291,14,true,true,4,true,true,true,false,Aspiring,LMS/Bypasser,LMS/Bypasser,only one
1604757.0,tiktok7.teachable.com,,684,4,false,false,9,true,true,true,true,LMS/Bypasser,LMS/Bypasser,LMS/Bypasser,both
1866246.0,accel.x1coaching.com,,121,2,true,true,5,true,true,true,true,LMS/Bypasser,LMS/Bypasser,LMS/Bypasser,both
2088253.0,www.sqatrainings.net,,162,8,true,false,2,true,true,true,false,Aspiring,LMS/Bypasser,LMS/Bypasser,only one
2242326.0,alexa-wallace-s-school2.teachable.com,,96,3,false,true,2,true,true,true,false,Aspiring,LMS/Bypasser,LMS/Bypasser,only one
336680.0,courses.publicpower.org,,1278,8,true,true,8,true,true,true,true,LMS/Bypasser,LMS/Bypasser,LMS/Bypasser,both
2240901.0,tipsi-school.teachable.com,,62,6,false,true,5,true,true,true,true,LMS/Bypasser,LMS/Bypasser,LMS/Bypasser,both
49641.0,write-science-now.teachable.com,,312,24,false,false,9,true,true,true,true,LMS/Bypasser,LMS/Bypasser,LMS/Bypasser,both
73517.0,academy.kaouthar.com,,411,7,true,true,6,true,true,true,true,LMS/Bypasser,LMS/Bypasser,LMS/Bypasser,both
251709.0,courses.uconnectsolutions.com,,93,5,true,true,1,true,true,true,false,Aspiring,LMS/Bypasser,LMS/Bypasser,only one
572745.0,wta-coach.teachable.com,,206,15,false,true,1,true,false,true,true,LMS/Bypasser,Aspiring,LMS/Bypasser,only one
1221820.0,theleadinglady.teachable.com,,23,1,false,true,1,true,true,true,false,Aspiring,LMS/Bypasser,LMS/Bypasser,only one
1401272.0,www.gcsbootcamp.online,,279,17,true,true,1,true,false,true,true,LMS/Bypasser,Aspiring,LMS/Bypasser,only one
2425709.0,ana-st-louis-s-school.teachable.com,,42,1,false,true,1,true,false,true,true,LMS/Bypasser,Aspiring,LMS/Bypasser,only one
142165.0,academy.easyequities.co.za,,180944,48,true,true,8,true,true,true,true,LMS/Bypasser,LMS/Bypasser,LMS/Bypasser,both
407528.0,e-merge-real-estate-academy.teachable.com,,1002,12,false,true,6,true,true,true,true,LMS/Bypasser,LMS/Bypasser,LMS/Bypasser,both
1177993.0,www.skoolc.com,2562.0,1272,118,true,false,22,true,true,true,true,LMS/Bypasser,LMS/Bypasser,LMS/Bypasser,both
1346588.0,airbnbae1.teachable.com,,13329,13,false,true,6,true,true,true,true,LMS/Bypasser,LMS/Bypasser,LMS/Bypasser,both
222746.0,dinair-airbrush-makeup.teachable.com,,402,9,false,true,8,true,true,true,true,LMS/Bypasser,LMS/Bypasser,LMS/Bypasser,both
1150228.0,lesolide-membres.teachable.com,,3721,52,false,true,2,true,true,true,true,LMS/Bypasser,LMS/Bypasser,LMS/Bypasser,both
1749992.0,stclogistics.teachable.com,,197,1,false,true,5,true,true,true,false,Aspiring,LMS/Bypasser,LMS/Bypasser,only one
2373405.0,troy-montgomery-s-school.teachable.com,,46,1,false,true,2,true,true,true,true,LMS/Bypasser,LMS/Bypasser,LMS/Bypasser,both
2631557.0,capacit-education.teachable.com,,40,1,false,true,1,true,false,true,true,LMS/Bypasser,Aspiring,LMS/Bypasser,only one
1247018.0,iceju.org,,563,14,true,true,9,true,false,true,true,LMS/Bypasser,Aspiring,LMS/Bypasser,only one
566737.0,capimo.teachable.com,,96,2,false,true,1,true,true,true,true,LMS/Bypasser,LMS/Bypasser,LMS/Bypasser,both
657705.0,icconline.teachable.com,,8513,57,false,false,3,true,true,true,true,LMS/Bypasser,LMS/Bypasser,LMS/Bypasser,both
705101.0,language-liaisons.teachable.com,,92,7,false,true,1,true,true,true,true,LMS/Bypasser,LMS/Bypasser,LMS/Bypasser,both
958825.0,the-board-curators.teachable.com,,32,1,false,false,3,true,true,true,false,Aspiring,LMS/Bypasser,LMS/Bypasser,only one
2258140.0,polygon-properties-s-school.teachable.com,,291,4,false,false,3,true,false,true,true,LMS/Bypasser,Aspiring,LMS/Bypasser,only one
2269275.0,assessments-24x7-australasia.teachable.com,,64,4,false,true,2,true,false,true,true,LMS/Bypasser,Aspiring,LMS/Bypasser,only one
192282.0,ampersand-academy.teachable.com,,931,40,false,true,4,true,true,true,true,LMS/Bypasser,LMS/Bypasser,LMS/Bypasser,both
304359.0,course.shopline.tw,,12692,57,true,true,11,true,true,true,true,LMS/Bypasser,LMS/Bypasser,LMS/Bypasser,both
443673.0,uclamindful.teachable.com,,3931,127,false,true,5,true,true,true,true,LMS/Bypasser,LMS/Bypasser,LMS/Bypasser,both
566615.0,maupintar.teachable.com,,292,144,false,true,5,true,true,true,true,LMS/Bypasser,LMS/Bypasser,LMS/Bypasser,both
822062.0,school.ride-ad.com,,549,24,true,true,1,true,true,true,true,LMS/Bypasser,LMS/Bypasser,LMS/Bypasser,both
1583805.0,qandf.teachable.com,,118,2,false,true,5,true,true,true,true,LMS/Bypasser,LMS/Bypasser,LMS/Bypasser,both
1671868.0,andrea-huante-s-school.teachable.com,,132,8,false,true,5,true,true,true,false,Aspiring,LMS/Bypasser,LMS/Bypasser,only one
1973521.0,tadas-s-school1.teachable.com,,253,2,false,true,1,true,false,true,true,LMS/Bypasser,Aspiring,LMS/Bypasser,only one
2120837.0,lucia-serio-s-school.teachable.com,,180,6,false,true,1,true,true,true,true,LMS/Bypasser,LMS/Bypasser,LMS/Bypasser,both
2172672.0,york-community-college.teachable.com,,778,10,false,false,9,true,true,true,true,LMS/Bypasser,LMS/Bypasser,LMS/Bypasser,both
2454170.0,www.hbfullfunnel.com,,241,1,true,true,1,true,false,true,true,LMS/Bypasser,Aspiring,LMS/Bypasser,only one
2665617.0,insight-factory-s-school.teachable.com,,25,2,false,true,1,true,false,true,true,LMS/Bypasser,Aspiring,LMS/Bypasser,only one
461643.0,codeworks.teachable.com,,17602,2,false,true,4,true,true,true,false,Aspiring,LMS/Bypasser,LMS/Bypasser,only one
1917864.0,marina-yuabova-s-school.teachable.com,,117,2,false,true,1,true,true,true,false,Aspiring,LMS/Bypasser,LMS/Bypasser,only one
2421270.0,pebblego.teachable.com,,272,1,false,true,1,true,true,true,true,LMS/Bypasser,LMS/Bypasser,LMS/Bypasser,both
915050.0,www.budongsam.com,,1232,43,true,false,1,true,false,true,true,LMS/Bypasser,Aspiring,LMS/Bypasser,only one
938975.0,securecore-university.teachable.com,,41,1,false,true,2,true,false,true,true,LMS/Bypasser,Aspiring,LMS/Bypasser,only one
1400378.0,islamophobia-response-unit-s-school.teachable.com,,174,3,false,true,1,true,false,true,true,LMS/Bypasser,Aspiring,LMS/Bypasser,only one
1846762.0,melina-ramadani-s-school.teachable.com,,461,20,false,true,1,true,true,true,true,LMS/Bypasser,LMS/Bypasser,LMS/Bypasser,both
2236716.0,quranbound.teachable.com,,413,4,false,true,5,true,true,true,true,LMS/Bypasser,LMS/Bypasser,LMS/Bypasser,both
2466578.0,learn.empowherhavenhub.com,,10,1,true,false,1,false,true,true,false,Aspiring,LMS/Bypasser,LMS/Bypasser,only one
496681.0,movement-concepts-academy.teachable.com,,831,3,false,true,3,true,true,true,true,LMS/Bypasser,LMS/Bypasser,LMS/Bypasser,both
910048.0,globalministries.teachable.com,,374,11,false,true,10,true,true,true,true,LMS/Bypasser,LMS/Bypasser,LMS/Bypasser,both
1361877.0,redescuelasvisuales.com,,4112,13,true,true,1,true,true,true,true,LMS/Bypasser,LMS/Bypasser,LMS/Bypasser,both
1645064.0,jamie-macpherson-s-school.teachable.com,,83,3,false,true,1,true,true,true,true,LMS/Bypasser,LMS/Bypasser,LMS/Bypasser,both
1744477.0,nextleveluniversity.teachable.com,,31,5,false,true,1,true,true,true,false,Aspiring,LMS/Bypasser,LMS/Bypasser,only one
424499.0,learn.eversity.in,,4266,81,true,true,3,true,true,true,true,LMS/Bypasser,LMS/Bypasser,LMS/Bypasser,both
272405.0,neoway.teachable.com,,436,46,false,true,1,true,true,true,true,LMS/Bypasser,LMS/Bypasser,LMS/Bypasser,both
522864.0,liderazgogenerativola.teachable.com,,305,27,false,true,2,true,true,true,true,LMS/Bypasser,LMS/Bypasser,LMS/Bypasser,both
580434.0,www.sstf-tavoktatas.hu,,764,79,true,true,11,true,true,true,false,Aspiring,LMS/Bypasser,LMS/Bypasser,only one
812024.0,communityleaders.teachable.com,,212,8,false,true,2,true,false,true,true,LMS/Bypasser,Aspiring,LMS/Bypasser,only one
982218.0,stormantraining.teachable.com,,2200,5,false,true,8,true,true,true,true,LMS/Bypasser,LMS/Bypasser,LMS/Bypasser,both
1174622.0,equalacademy.teachable.com,,1567,18,false,true,9,true,true,true,true,LMS/Bypasser,LMS/Bypasser,LMS/Bypasser,both
1258587.0,insight-communications-corp.teachable.com,,260,4,false,true,6,true,false,true,true,LMS/Bypasser,Aspiring,LMS/Bypasser,only one
1304818.0,astro-szkola.teachable.com,,116,6,false,true,1,true,false,true,true,LMS/Bypasser,Aspiring,LMS/Bypasser,only one
1676958.0,click-academy-on-demand-s-school.teachable.com,,698,5,false,true,1,true,true,true,true,LMS/Bypasser,LMS/Bypasser,LMS/Bypasser,both
608175.0,hpac.teachable.com,,816,32,false,true,4,true,true,true,true,LMS/Bypasser,LMS/Bypasser,LMS/Bypasser,both
644246.0,the-national-college-of-hypnosis-and-psychothe.teachable.com,,588,41,false,false,4,true,true,true,true,LMS/Bypasser,LMS/Bypasser,LMS/Bypasser,both
382630.0,coachonboarding.coachhub.com,,3060,32,true,true,8,true,true,true,true,LMS/Bypasser,LMS/Bypasser,LMS/Bypasser,both
532561.0,nederlandse-beauty-school.teachable.com,,737,20,false,true,2,true,true,true,true,LMS/Bypasser,LMS/Bypasser,LMS/Bypasser,both
547753.0,velocityperformanceacademy.teachable.com,,166,23,false,true,1,true,true,true,true,LMS/Bypasser,LMS/Bypasser,LMS/Bypasser,both
1197898.0,schoolofmissionarydiscipleship.teachable.com,,776,23,false,true,6,true,true,true,true,LMS/Bypasser,LMS/Bypasser,LMS/Bypasser,both
2273572.0,future-in-beauty.teachable.com,,233,5,false,true,1,true,true,true,false,Aspiring,LMS/Bypasser,LMS/Bypasser,only one
368842.0,por.adobe-educa.com,,33360,56,true,false,4,true,true,true,true,LMS/Bypasser,LMS/Bypasser,LMS/Bypasser,both
1752967.0,six-sigma-red-diamond-program.teachable.com,,58,1,false,true,4,true,false,true,true,LMS/Bypasser,Aspiring,LMS/Bypasser,only one
2111239.0,edu.orca.vn,,291,1,true,false,3,true,false,true,true,LMS/Bypasser,Aspiring,LMS/Bypasser,only one
2364139.0,aprende.santorinibisuteria.com,,1659,15,true,false,1,true,true,true,true,LMS/Bypasser,LMS/Bypasser,LMS/Bypasser,both
446146.0,doctormikrukov.teachable.com,,4187,128,false,false,7,true,true,true,true,LMS/Bypasser,LMS/Bypasser,LMS/Bypasser,both
503782.0,marthamayronson.teachable.com,,765,9,false,true,2,true,true,true,true,LMS/Bypasser,LMS/Bypasser,LMS/Bypasser,both
1012999.0,boss-gal-beauty-bar.teachable.com,,98,4,false,true,1,true,true,true,true,LMS/Bypasser,LMS/Bypasser,LMS/Bypasser,both
1183020.0,amt.teachable.com,,183,11,false,true,5,true,true,true,true,LMS/Bypasser,LMS/Bypasser,LMS/Bypasser,both
1514185.0,primetechschool.teachable.com,,213,8,false,true,4,true,true,true,true,LMS/Bypasser,LMS/Bypasser,LMS/Bypasser,both
1141124.0,hail-s-e-learning.teachable.com,,23,5,false,true,4,false,true,true,false,Aspiring,LMS/Bypasser,LMS/Bypasser,only one
1388972.0,workability2.teachable.com,,981,33,false,true,5,true,true,true,true,LMS/Bypasser,LMS/Bypasser,LMS/Bypasser,both
409523.0,marion-schools.teachable.com,,815,45,false,true,7,true,true,true,true,LMS/Bypasser,LMS/Bypasser,LMS/Bypasser,both
572365.0,canteen.teachable.com,,1571,66,false,true,31,true,true,true,true,LMS/Bypasser,LMS/Bypasser,LMS/Bypasser,both
939626.0,strong-with-sarah.teachable.com,,546,5,false,true,1,true,true,true,false,Aspiring,LMS/Bypasser,LMS/Bypasser,only one
1174796.0,svcleanenergy.teachable.com,,612,1,false,true,13,true,true,true,true,LMS/Bypasser,LMS/Bypasser,LMS/Bypasser,both
1331128.0,lead2flow.teachable.com,,65,6,false,true,1,true,true,true,true,LMS/Bypasser,LMS/Bypasser,LMS/Bypasser,both
2271809.0,embodied-essence.teachable.com,,39,1,false,true,1,true,true,true,false,Aspiring,LMS/Bypasser,LMS/Bypasser,only one
2363376.0,nehersorg.teachable.com,,38,3,false,true,2,true,true,true,false,Aspiring,LMS/Bypasser,LMS/Bypasser,only one
559310.0,wasedazemi.teachable.com,,77195,210,false,true,113,true,true,true,true,LMS/Bypasser,LMS/Bypasser,LMS/Bypasser,both
183205.0,snoremd.teachable.com,,357,2,false,true,5,true,true,true,false,Aspiring,LMS/Bypasser,LMS/Bypasser,only one
541383.0,management-jacobsen.teachable.com,,484,42,false,true,1,true,true,true,false,Aspiring,LMS/Bypasser,LMS/Bypasser,only one
720132.0,school.workmamapcjuku.com,,866,25,true,false,3,true,true,true,true,LMS/Bypasser,LMS/Bypasser,LMS/Bypasser,both
922393.0,lungcan-media-training.teachable.com,,68,1,false,true,1,true,false,true,true,LMS/Bypasser,Aspiring,LMS/Bypasser,only one
1178733.0,messengersofhope.teachable.com,,489,23,false,true,8,true,true,true,true,LMS/Bypasser,LMS/Bypasser,LMS/Bypasser,both
1198718.0,stokescounselingbilling.teachable.com,,248,1,false,true,3,true,true,true,true,LMS/Bypasser,LMS/Bypasser,LMS/Bypasser,both
1751670.0,academy.nhrl.io,,279,2,true,true,9,true,true,true,true,LMS/Bypasser,LMS/Bypasser,LMS/Bypasser,both
2009682.0,alamofireworkstraining.teachable.com,,309,3,false,true,6,true,true,true,true,LMS/Bypasser,LMS/Bypasser,LMS/Bypasser,both
2672893.0,raeed-dossary-s-school.teachable.com,,4114,3,false,false,5,true,true,true,true,LMS/Bypasser,LMS/Bypasser,LMS/Bypasser,both
2656101.0,learn.aibrokersystem.com,,2732,4,true,true,7,true,false,true,true,LMS/Bypasser,Aspiring,LMS/Bypasser,only one
905074.0,grace-center.teachable.com,,268,14,false,true,2,true,true,true,true,LMS/Bypasser,LMS/Bypasser,LMS/Bypasser,both
1542296.0,www.fbabusinesspro.com,,267,2,true,true,1,true,true,true,true,LMS/Bypasser,LMS/Bypasser,LMS/Bypasser,both
1552800.0,rachel-larsen-weaver-s-school.teachable.com,,187,7,false,true,1,true,false,true,true,LMS/Bypasser,Aspiring,LMS/Bypasser,only one
631497.0,hermanwallace.teachable.com,,29118,1305,false,true,17,true,true,true,true,LMS/Bypasser,LMS/Bypasser,LMS/Bypasser,both
67617.0,reqmaster.teachable.com,,314,5,false,true,1,true,false,true,true,LMS/Bypasser,Aspiring,LMS/Bypasser,only one
77807.0,learning.ruleoneinvesting.com,,59527,2,true,true,14,true,true,true,true,LMS/Bypasser,LMS/Bypasser,LMS/Bypasser,both
452385.0,www.hairscienceu.com,,76,4,true,false,1,true,true,true,false,Aspiring,LMS/Bypasser,LMS/Bypasser,only one
531686.0,edu.institut-tourisme.bzh,,477,19,true,true,2,true,false,true,true,LMS/Bypasser,Aspiring,LMS/Bypasser,only one
602469.0,soccer-skill-schools-home-school.teachable.com,,303,44,false,true,1,true,true,true,true,LMS/Bypasser,LMS/Bypasser,LMS/Bypasser,both
726666.0,rs-training.teachable.com,,165,16,false,true,6,true,true,true,true,LMS/Bypasser,LMS/Bypasser,LMS/Bypasser,both
748456.0,starmapsastrologyschool.teachable.com,,218,18,false,false,3,true,true,true,true,LMS/Bypasser,LMS/Bypasser,LMS/Bypasser,both
973476.0,soga.teachable.com,,29,1,false,true,2,true,false,true,true,LMS/Bypasser,Aspiring,LMS/Bypasser,only one
1383830.0,preferred-future-skills-development-academy.teachable.com,,212,14,false,true,2,true,true,true,false,Aspiring,LMS/Bypasser,LMS/Bypasser,only one
1461320.0,majagolob.teachable.com,,78,4,false,true,2,true,true,true,false,Aspiring,LMS/Bypasser,LMS/Bypasser,only one
1574949.0,cred4ed.teachable.com,,15,1,false,true,1,false,true,true,false,Aspiring,LMS/Bypasser,LMS/Bypasser,only one
2122245.0,www.rawanmalhas.com,,43,3,true,false,1,true,true,true,true,LMS/Bypasser,LMS/Bypasser,LMS/Bypasser,both
2172792.0,nirva-ageless-beauty-skin-haircare-course.teachable.com,,397,6,false,true,3,true,true,true,false,Aspiring,LMS/Bypasser,LMS/Bypasser,only one
483155.0,ltwcsupersession.teachable.com,,635,9,false,false,5,true,true,true,true,LMS/Bypasser,LMS/Bypasser,LMS/Bypasser,both
2045359.0,embrace-midwifery-services-pty-ltd-s-school.teachable.com,,309,1,false,true,1,true,true,true,true,LMS/Bypasser,LMS/Bypasser,LMS/Bypasser,both
724193.0,kate-english-school.teachable.com,,188,11,false,true,1,true,true,true,false,Aspiring,LMS/Bypasser,LMS/Bypasser,only one
881387.0,forallseasonsinc.teachable.com,,182,67,false,true,4,true,false,true,true,LMS/Bypasser,Aspiring,LMS/Bypasser,only one
924810.0,lea.nieuweschoolfoto.nl,,535,4,true,true,9,true,true,true,true,LMS/Bypasser,LMS/Bypasser,LMS/Bypasser,both
1103818.0,mindset-sportpsychologie.teachable.com,,492,17,false,true,1,true,true,true,true,LMS/Bypasser,LMS/Bypasser,LMS/Bypasser,both
1474791.0,tax-school-training-s-school.teachable.com,,76,1,false,true,1,true,true,true,false,Aspiring,LMS/Bypasser,LMS/Bypasser,only one
2233245.0,state-and-federal-education-services-s-school.teachable.com,,305,1,false,true,4,true,true,true,true,LMS/Bypasser,LMS/Bypasser,LMS/Bypasser,both
153487.0,learn.modernstoicism.com,,47146,14,true,true,6,true,true,true,true,LMS/Bypasser,LMS/Bypasser,LMS/Bypasser,both
576626.0,alpha-homes-coaching-school.teachable.com,,231,9,false,true,1,true,true,true,false,Aspiring,LMS/Bypasser,LMS/Bypasser,only one
815206.0,grupo-palacios-portugal.teachable.com,,664,81,false,true,2,true,true,true,true,LMS/Bypasser,LMS/Bypasser,LMS/Bypasser,both
955069.0,astillero1.teachable.com,,200,13,false,true,2,true,true,true,true,LMS/Bypasser,LMS/Bypasser,LMS/Bypasser,both
988130.0,global-analyst-academy.teachable.com,,242,1,false,true,1,true,true,true,true,LMS/Bypasser,LMS/Bypasser,LMS/Bypasser,both
1010880.0,hope-worldwide-massachusetts.teachable.com,,592,6,false,true,10,true,true,true,true,LMS/Bypasser,LMS/Bypasser,LMS/Bypasser,both
1281179.0,alignwithus.teachable.com,,45,2,false,true,1,true,true,true,false,Aspiring,LMS/Bypasser,LMS/Bypasser,only one
1301616.0,seestories.teachable.com,,104,2,false,true,3,true,true,true,true,LMS/Bypasser,LMS/Bypasser,LMS/Bypasser,both
1559473.0,paige-smith-s-school1.teachable.com,,383,18,false,true,9,true,true,true,true,LMS/Bypasser,LMS/Bypasser,LMS/Bypasser,both
1747874.0,www.learn.itducator.com,,21,1,true,true,1,true,true,true,false,Aspiring,LMS/Bypasser,LMS/Bypasser,only one
2271002.0,audnast.teachable.com,,43,6,false,true,3,true,false,true,true,LMS/Bypasser,Aspiring,LMS/Bypasser,only one
2591394.0,sak.teachable.com,,58,8,false,true,1,true,false,true,true,LMS/Bypasser,Aspiring,LMS/Bypasser,only one
499516.0,chest-rise.teachable.com,,8042,3,false,true,2,true,true,true,true,LMS/Bypasser,LMS/Bypasser,LMS/Bypasser,both
648801.0,akademija.magnolija.si,,493,32,true,true,4,true,true,true,true,LMS/Bypasser,LMS/Bypasser,LMS/Bypasser,both
843481.0,jivamuktiyogabarcelona.teachable.com,,202,6,false,true,1,true,true,true,false,Aspiring,LMS/Bypasser,LMS/Bypasser,only one
893455.0,nonna.teachable.com,,3283,72,false,true,6,true,true,true,true,LMS/Bypasser,LMS/Bypasser,LMS/Bypasser,both
896419.0,kickstart-training.teachable.com,,296,1,false,true,8,true,true,true,false,Aspiring,LMS/Bypasser,LMS/Bypasser,only one
1466134.0,amanda-burns-s-school1.teachable.com,,231,2,false,true,1,true,false,true,true,LMS/Bypasser,Aspiring,LMS/Bypasser,only one
1542649.0,faith-church.teachable.com,,107,2,false,true,7,true,false,true,true,LMS/Bypasser,Aspiring,LMS/Bypasser,only one
2438221.0,courses.bettersurgery.com,1.0,29,1,true,true,1,true,true,true,false,Aspiring,LMS/Bypasser,LMS/Bypasser,only one
2593152.0,fredy-sinclair-pele-beukam-s-school.teachable.com,,33,2,false,true,2,true,true,true,false,Aspiring,LMS/Bypasser,LMS/Bypasser,only one
2601006.0,symphonyhealthcareservices.teachable.com,,135,3,false,true,4,true,false,true,true,LMS/Bypasser,Aspiring,LMS/Bypasser,only one
2392456.0,agroeducacion-s-school.teachable.com,,929,36,false,true,1,true,true,true,true,LMS/Bypasser,LMS/Bypasser,LMS/Bypasser,both
533069.0,cec-world.teachable.com,,270,2,false,true,2,true,true,true,false,Aspiring,LMS/Bypasser,LMS/Bypasser,only one
553504.0,artedeinvertir.teachable.com,,15223,42,false,true,11,true,true,true,true,LMS/Bypasser,LMS/Bypasser,LMS/Bypasser,both
669176.0,qibeauty.teachable.com,,1316,57,false,true,2,true,true,true,true,LMS/Bypasser,LMS/Bypasser,LMS/Bypasser,both
793196.0,practiceprof.teachable.com,,112,2,false,false,4,true,true,true,false,Aspiring,LMS/Bypasser,LMS/Bypasser,only one
998096.0,biogeometry-environmental-home-solutions-bg-eh.teachable.com,,553,3,false,true,5,true,false,true,true,LMS/Bypasser,Aspiring,LMS/Bypasser,only one
1223116.0,motion-rx-training.teachable.com,,27,2,false,true,1,true,true,true,false,Aspiring,LMS/Bypasser,LMS/Bypasser,only one
1581236.0,logifrio-s-school.teachable.com,,42,3,false,true,1,true,true,true,false,Aspiring,LMS/Bypasser,LMS/Bypasser,only one
1822763.0,axistravelgroup.teachable.com,,189,1,false,true,1,true,true,true,false,Aspiring,LMS/Bypasser,LMS/Bypasser,only one
2244357.0,mikaela-martinez-s-school.teachable.com,,858,16,false,true,3,true,true,true,true,LMS/Bypasser,LMS/Bypasser,LMS/Bypasser,both
90413.0,reallifeenglish.teachable.com,,12672,11,false,false,4,true,true,true,true,LMS/Bypasser,LMS/Bypasser,LMS/Bypasser,both
648084.0,hayekmedical.teachable.com,,1014,5,false,true,2,true,true,true,false,Aspiring,LMS/Bypasser,LMS/Bypasser,only one
649745.0,e-learning.zig.nl,,2206,18,true,true,11,true,true,true,true,LMS/Bypasser,LMS/Bypasser,LMS/Bypasser,both
826966.0,audien-school-of-customer-support.teachable.com,,88,5,false,true,1,true,true,true,true,LMS/Bypasser,LMS/Bypasser,LMS/Bypasser,both
1084191.0,godsom-university.teachable.com,,33,2,false,true,1,true,true,true,false,Aspiring,LMS/Bypasser,LMS/Bypasser,only one
1152025.0,academy.ultimate.net.au,,101,11,true,true,5,true,false,true,true,LMS/Bypasser,Aspiring,LMS/Bypasser,only one
1160295.0,uksoccer.teachable.com,,667,8,false,true,1,true,true,true,true,LMS/Bypasser,LMS/Bypasser,LMS/Bypasser,both
1319077.0,revolutionfx.academy,,936,19,true,false,1,true,true,true,true,LMS/Bypasser,LMS/Bypasser,LMS/Bypasser,both
1524497.0,daniel-byrd-s-school.teachable.com,,76,20,false,true,2,true,true,true,false,Aspiring,LMS/Bypasser,LMS/Bypasser,only one
1744127.0,retina-international-s-school.teachable.com,,81,3,false,true,1,true,true,true,true,LMS/Bypasser,LMS/Bypasser,LMS/Bypasser,both
1751282.0,edrez.teachable.com,,59,5,false,false,4,true,true,true,false,Aspiring,LMS/Bypasser,LMS/Bypasser,only one
2138004.0,first-30-days-of-onboarding.teachable.com,,261,3,false,true,1,true,true,true,true,LMS/Bypasser,LMS/Bypasser,LMS/Bypasser,both
2271663.0,caninebraingames.teachable.com,,167,6,false,true,1,true,true,true,true,LMS/Bypasser,LMS/Bypasser,LMS/Bypasser,both
1847554.0,virtual-induction-portal.teachable.com,,1944,2,false,true,1,true,false,true,true,LMS/Bypasser,Aspiring,LMS/Bypasser,only one
2059940.0,courses.trafficsafetyresearch.com,,50,2,true,true,2,true,true,true,false,Aspiring,LMS/Bypasser,LMS/Bypasser,only one
324390.0,purestorage.gosaas.io,,409,1,true,true,3,true,false,true,true,LMS/Bypasser,Aspiring,LMS/Bypasser,only one
499040.0,cybersmartpeople.teachable.com,,180,2,false,true,2,true,true,true,false,Aspiring,LMS/Bypasser,LMS/Bypasser,only one
548940.0,fitthai.teachable.com,,838,12,false,false,6,true,true,true,true,LMS/Bypasser,LMS/Bypasser,LMS/Bypasser,both
676157.0,courses.acceleratepracticeacademy.com,,554,17,true,true,5,true,true,true,true,LMS/Bypasser,LMS/Bypasser,LMS/Bypasser,both
935355.0,groupcoaching.teachable.com,,119,9,false,true,1,true,true,true,true,LMS/Bypasser,LMS/Bypasser,LMS/Bypasser,both
998691.0,md-tech.teachable.com,,793,16,false,true,6,true,true,true,true,LMS/Bypasser,LMS/Bypasser,LMS/Bypasser,both
363592.0,prolook-university.teachable.com,,282,1,false,true,2,true,false,true,true,LMS/Bypasser,Aspiring,LMS/Bypasser,only one
423579.0,doing-good-at-work.teachable.com,,322,12,false,true,1,true,true,true,true,LMS/Bypasser,LMS/Bypasser,LMS/Bypasser,both
970235.0,bvtc-academie.teachable.com,,7020,4,false,true,11,true,true,true,true,LMS/Bypasser,LMS/Bypasser,LMS/Bypasser,both
1704557.0,becomeclub.teachable.com,,32,1,false,true,1,true,true,true,false,Aspiring,LMS/Bypasser,LMS/Bypasser,only one
595995.0,wobbleinstructortraining.teachable.com,,112,1,false,true,1,true,true,true,false,Aspiring,LMS/Bypasser,LMS/Bypasser,only one
632384.0,kindlingplayandtraining.teachable.com,,415,3,false,true,2,true,false,true,true,LMS/Bypasser,Aspiring,LMS/Bypasser,only one
1029415.0,athenawellnessacademy.teachable.com,,228,5,false,true,1,true,true,true,false,Aspiring,LMS/Bypasser,LMS/Bypasser,only one
1304439.0,the-lost-art-of-collaboration.teachable.com,,116,4,false,true,4,true,true,true,true,LMS/Bypasser,LMS/Bypasser,LMS/Bypasser,both
1443633.0,ifastcapital.teachable.com,,381,7,false,true,1,true,true,true,true,LMS/Bypasser,LMS/Bypasser,LMS/Bypasser,both
1527822.0,lisa-newbould-s-school.teachable.com,,221,9,false,true,4,true,false,true,true,LMS/Bypasser,Aspiring,LMS/Bypasser,only one
1536838.0,dhginfrastructure.teachable.com,,401,2,false,true,3,true,true,true,false,Aspiring,LMS/Bypasser,LMS/Bypasser,only one
1975195.0,yekaterina-gastelum-s-school1.teachable.com,,626,9,false,true,1,true,true,true,true,LMS/Bypasser,LMS/Bypasser,LMS/Bypasser,both
2341341.0,davenport-strategic-innovation-design-s-school.teachable.com,,21,1,false,true,1,true,true,true,false,Aspiring,LMS/Bypasser,LMS/Bypasser,only one
2342361.0,learn.pulsecanada.com,,288,1,true,true,4,true,false,true,true,LMS/Bypasser,Aspiring,LMS/Bypasser,only one
2454457.0,princetonaestheticsacademy.teachable.com,,34,2,false,true,1,true,true,true,false,Aspiring,LMS/Bypasser,LMS/Bypasser,only one
862778.0,campus.syftanalytics.com,,23275,123,true,true,59,true,true,true,true,LMS/Bypasser,LMS/Bypasser,LMS/Bypasser,both
189902.0,ogka.teachable.com,,1099,36,false,true,2,true,true,true,true,LMS/Bypasser,LMS/Bypasser,LMS/Bypasser,both
349238.0,x2vol.teachable.com,,396,3,false,true,1,true,true,true,false,Aspiring,LMS/Bypasser,LMS/Bypasser,only one
626415.0,intergroup-dialogue-trainings.teachable.com,,396,31,false,false,6,true,true,true,true,LMS/Bypasser,LMS/Bypasser,LMS/Bypasser,both
670237.0,veteranmindfulnessaustralia.teachable.com,,22155,28,false,true,34,true,true,true,true,LMS/Bypasser,LMS/Bypasser,LMS/Bypasser,both
771256.0,fluteplay.teachable.com,,90,2,false,true,1,true,true,true,true,LMS/Bypasser,LMS/Bypasser,LMS/Bypasser,both
1227981.0,ffl-new-agent-bootcamp.teachable.com,,1919,3,false,true,3,true,false,true,true,LMS/Bypasser,Aspiring,LMS/Bypasser,only one
1321571.0,redefine-innovation.teachable.com,,1556,13,false,true,1,true,true,true,true,LMS/Bypasser,LMS/Bypasser,LMS/Bypasser,both
1092408.0,farmasi-glow-academy.teachable.com,,34649,21,false,true,1,true,true,true,true,LMS/Bypasser,LMS/Bypasser,LMS/Bypasser,both
1349789.0,hearts-minds-partnership-s-school.teachable.com,,350,11,false,true,1,true,true,true,true,LMS/Bypasser,LMS/Bypasser,LMS/Bypasser,both
1509426.0,cursosadem.teachable.com,,549,7,false,true,1,true,true,true,true,LMS/Bypasser,LMS/Bypasser,LMS/Bypasser,both
2172207.0,novamine-s-school.teachable.com,,301,6,false,true,1,true,true,true,true,LMS/Bypasser,LMS/Bypasser,LMS/Bypasser,both
309694.0,online.justmusic.co.il,,7281,19,true,false,14,true,true,true,true,LMS/Bypasser,LMS/Bypasser,LMS/Bypasser,both
575898.0,stmsc.teachable.com,,515,9,false,true,6,true,true,true,true,LMS/Bypasser,LMS/Bypasser,LMS/Bypasser,both
1310090.0,academy.imsrocks.com,,336,5,true,true,10,true,true,true,true,LMS/Bypasser,LMS/Bypasser,LMS/Bypasser,both
1318424.0,siriusaaccelerator.teachable.com,,263,4,false,true,1,true,true,true,true,LMS/Bypasser,LMS/Bypasser,LMS/Bypasser,both
1476688.0,shannon-heers-s-school.teachable.com,,205,7,false,true,3,true,true,true,false,Aspiring,LMS/Bypasser,LMS/Bypasser,only one
2439446.0,alan-ives-s-school.teachable.com,,318,16,false,true,4,true,false,true,true,LMS/Bypasser,Aspiring,LMS/Bypasser,only one
2617946.0,www.scamuniversity.org,,448,1,true,true,1,true,false,true,true,LMS/Bypasser,Aspiring,LMS/Bypasser,only one
76261.0,mocha-moguls.teachable.com,,421,2,false,true,1,true,true,true,false,Aspiring,LMS/Bypasser,LMS/Bypasser,only one
238210.0,cafe.teachable.com,,792,21,false,false,4,true,true,true,true,LMS/Bypasser,LMS/Bypasser,LMS/Bypasser,both
391824.0,golden-egg-academy-writing-for-children.teachable.com,,1908,43,false,true,3,true,true,true,true,LMS/Bypasser,LMS/Bypasser,LMS/Bypasser,both
546040.0,courses.innerstrengtheducation.org,,1675,8,true,false,8,true,false,true,true,LMS/Bypasser,Aspiring,LMS/Bypasser,only one
581154.0,stratagroup.teachable.com,,455,8,false,true,7,true,true,true,true,LMS/Bypasser,LMS/Bypasser,LMS/Bypasser,both
704110.0,oo1.teachable.com,,5641,33,false,false,14,true,true,true,true,LMS/Bypasser,LMS/Bypasser,LMS/Bypasser,both
798311.0,lorraine-taylor-yoga.teachable.com,,450,17,false,true,1,true,true,true,true,LMS/Bypasser,LMS/Bypasser,LMS/Bypasser,both
1030595.0,radica-academy.teachable.com,,232,43,false,true,9,true,true,true,true,LMS/Bypasser,LMS/Bypasser,LMS/Bypasser,both
1364856.0,hashtagme.teachable.com,,972,3,false,false,5,true,true,true,true,LMS/Bypasser,LMS/Bypasser,LMS/Bypasser,both
2454055.0,varig-class.teachable.com,,55,1,false,true,3,true,false,true,true,LMS/Bypasser,Aspiring,LMS/Bypasser,only one
1736991.0,cursos.tbohinstitute.com,,402,10,true,true,1,true,true,true,true,LMS/Bypasser,LMS/Bypasser,LMS/Bypasser,both
2370978.0,aleph-beauty-s-school.teachable.com,,303,4,false,true,6,true,true,true,true,LMS/Bypasser,LMS/Bypasser,LMS/Bypasser,both
2485258.0,ultra-tendency-academy-learning-programm.teachable.com,,240,12,false,true,5,true,true,true,true,LMS/Bypasser,LMS/Bypasser,LMS/Bypasser,both
210922.0,dunlopmedia1.teachable.com,,68,1,false,true,1,true,false,true,true,LMS/Bypasser,Aspiring,LMS/Bypasser,only one
223914.0,mercato.teachable.com,,190,14,false,true,6,true,true,true,true,LMS/Bypasser,LMS/Bypasser,LMS/Bypasser,both
420380.0,happyheilpraktiker.teachable.com,,364,47,false,true,1,true,true,true,true,LMS/Bypasser,LMS/Bypasser,LMS/Bypasser,both
542316.0,vidmasters.teachable.com,,525,9,false,true,3,true,true,true,true,LMS/Bypasser,LMS/Bypasser,LMS/Bypasser,both
646076.0,tapuae.teachable.com,,59,4,false,true,5,true,false,true,true,LMS/Bypasser,Aspiring,LMS/Bypasser,only one
668758.0,dw-copy.teachable.com,,165,21,false,true,1,true,true,true,false,Aspiring,LMS/Bypasser,LMS/Bypasser,only one
2263111.0,christopher-cho-s-school1.teachable.com,,31,2,false,false,5,true,true,true,false,Aspiring,LMS/Bypasser,LMS/Bypasser,only one
1317872.0,dev-10.teachable.com,,3408,28,false,true,28,true,true,true,true,LMS/Bypasser,LMS/Bypasser,LMS/Bypasser,both
163056.0,academy.wattsenglish.com,,8065,42,true,true,5,true,true,true,true,LMS/Bypasser,LMS/Bypasser,LMS/Bypasser,both
199738.0,blocksi.teachable.com,,6260,9,false,true,3,true,true,true,true,LMS/Bypasser,LMS/Bypasser,LMS/Bypasser,both
257321.0,nli-leadership-academy.teachable.com,,120,15,false,true,1,true,true,true,false,Aspiring,LMS/Bypasser,LMS/Bypasser,only one
471793.0,family-centre-service.teachable.com,,5469,24,false,true,4,true,false,true,true,LMS/Bypasser,Aspiring,LMS/Bypasser,only one
1077628.0,vibranthawaii.teachable.com,,182,5,false,true,3,true,true,true,true,LMS/Bypasser,LMS/Bypasser,LMS/Bypasser,both
1334765.0,boxdrop.teachable.com,,288,10,false,true,6,true,true,true,true,LMS/Bypasser,LMS/Bypasser,LMS/Bypasser,both
1517658.0,elenawellnessacademy.teachable.com,,62,4,false,true,1,true,true,true,false,Aspiring,LMS/Bypasser,LMS/Bypasser,only one
1644439.0,npeemployeeportal.teachable.com,,55,5,false,true,1,true,true,true,true,LMS/Bypasser,LMS/Bypasser,LMS/Bypasser,both
2425916.0,myregisplus.teachable.com,,6569,2,false,true,1,true,false,true,true,LMS/Bypasser,Aspiring,LMS/Bypasser,only one
1072095.0,happy-life_sunao.teachable.com,,1296,1,false,true,1,true,true,true,true,LMS/Bypasser,LMS/Bypasser,LMS/Bypasser,both
126990.0,betweenmenandwomen.teachable.com,,193,10,false,true,1,true,true,true,true,LMS/Bypasser,LMS/Bypasser,LMS/Bypasser,both
671480.0,bmkteamuniversity.teachable.com,,38,15,false,true,2,true,true,true,true,LMS/Bypasser,LMS/Bypasser,LMS/Bypasser,both
1157893.0,portal.londongem.uk,,1051,22,true,true,1,true,true,true,true,LMS/Bypasser,LMS/Bypasser,LMS/Bypasser,both
1227252.0,onguardias.teachable.com,,2299,23,false,false,4,true,true,true,true,LMS/Bypasser,LMS/Bypasser,LMS/Bypasser,both
1264200.0,2ndpass.teachable.com,,41,3,false,true,8,true,true,true,false,Aspiring,LMS/Bypasser,LMS/Bypasser,only one
1418764.0,usonlineacademy.com,,719,7,true,true,17,true,true,true,true,LMS/Bypasser,LMS/Bypasser,LMS/Bypasser,both
1867894.0,majo-orozco-s-school.teachable.com,,111,1,false,true,1,true,true,true,false,Aspiring,LMS/Bypasser,LMS/Bypasser,only one
2329645.0,mastering-comedy-ads-with-greg-nate.teachable.com,,3665,1,false,true,6,true,true,true,true,LMS/Bypasser,LMS/Bypasser,LMS/Bypasser,both
2182041.0,portal.digitallawvillage.com,,713,21,true,false,4,true,true,true,true,LMS/Bypasser,LMS/Bypasser,LMS/Bypasser,both
2622563.0,learn.polisync.org,,5934,18,true,true,6,true,true,true,true,LMS/Bypasser,LMS/Bypasser,LMS/Bypasser,both
390868.0,online.simondecirene.cl,,18862,291,true,true,13,true,true,true,true,LMS/Bypasser,LMS/Bypasser,LMS/Bypasser,both
463255.0,academy.memolease.com,,383,16,true,true,5,true,true,true,true,LMS/Bypasser,LMS/Bypasser,LMS/Bypasser,both
660576.0,trainingelectricalsafetyvietnam.teachable.com,,337,8,false,true,2,true,true,true,true,LMS/Bypasser,LMS/Bypasser,LMS/Bypasser,both
1078046.0,emmausministriesuniversity.upperroom.org,,1913,3,true,true,7,true,false,true,true,LMS/Bypasser,Aspiring,LMS/Bypasser,only one
1135961.0,usha-self-mastery-project.teachable.com,,197,11,false,true,3,true,true,true,true,LMS/Bypasser,LMS/Bypasser,LMS/Bypasser,both
1185964.0,nb-foilayage-academy.teachable.com,,1951,20,false,false,3,true,true,true,true,LMS/Bypasser,LMS/Bypasser,LMS/Bypasser,both
1445124.0,mark-grady-s-school.teachable.com,,83,1,false,true,2,true,true,true,false,Aspiring,LMS/Bypasser,LMS/Bypasser,only one
1514535.0,school.fooddesignlab.jp,,230,19,true,false,1,true,false,true,true,LMS/Bypasser,Aspiring,LMS/Bypasser,only one
2096268.0,emreakbulutakademi.teachable.com,,20,2,false,true,1,true,true,true,false,Aspiring,LMS/Bypasser,LMS/Bypasser,only one
2096727.0,evolussance.teachable.com,,821,2,false,true,1,true,true,true,true,LMS/Bypasser,LMS/Bypasser,LMS/Bypasser,both
2105435.0,chiropractic-first-group-s-school.teachable.com,,381,9,false,false,9,true,true,true,true,LMS/Bypasser,LMS/Bypasser,LMS/Bypasser,both
2470015.0,patrick-parmeggiani-s-school.teachable.com,,22,1,false,true,1,true,true,true,false,Aspiring,LMS/Bypasser,LMS/Bypasser,only one
2498118.0,sct-learning-s-school.teachable.com,,33,2,false,true,1,true,true,true,true,LMS/Bypasser,LMS/Bypasser,LMS/Bypasser,both
718670.0,citizenshipper.teachable.com,,9367,7,false,true,2,true,true,true,false,Aspiring,LMS/Bypasser,LMS/Bypasser,only one
1141850.0,innovationatwwf.teachable.com,,1720,26,false,true,4,true,false,true,true,LMS/Bypasser,Aspiring,LMS/Bypasser,only one
1216434.0,be-healthy-coaching.teachable.com,,215,2,false,true,1,true,true,true,false,Aspiring,LMS/Bypasser,LMS/Bypasser,only one
1459009.0,meddoc-training-s-school1.teachable.com,,1916,13,false,false,3,true,true,true,true,LMS/Bypasser,LMS/Bypasser,LMS/Bypasser,both
285895.0,www.mdlive.net,,2393,11,true,false,4,true,false,true,true,LMS/Bypasser,Aspiring,LMS/Bypasser,only one
462533.0,school.lizahippler.com,,371,5,true,true,1,true,true,true,true,LMS/Bypasser,LMS/Bypasser,LMS/Bypasser,both
686036.0,celaction-academy.teachable.com,,371,9,false,true,1,true,true,true,true,LMS/Bypasser,LMS/Bypasser,LMS/Bypasser,both
877363.0,sg-learning-zone.teachable.com,,273,25,false,false,4,true,true,true,true,LMS/Bypasser,LMS/Bypasser,LMS/Bypasser,both
1096341.0,equilife1.teachable.com,,106,7,false,true,3,true,true,true,true,LMS/Bypasser,LMS/Bypasser,LMS/Bypasser,both
1264706.0,kejarasbridgeeatingoodinthehood.teachable.com,,54,1,false,true,1,true,false,true,true,LMS/Bypasser,Aspiring,LMS/Bypasser,only one
1367574.0,alltalk-training-online-course-centre.teachable.com,,359,4,false,true,1,true,true,true,true,LMS/Bypasser,LMS/Bypasser,LMS/Bypasser,both
1478067.0,radvant.teachable.com,,31,2,false,true,1,true,true,true,false,Aspiring,LMS/Bypasser,LMS/Bypasser,only one
1696313.0,lit-institute.teachable.com,,31,19,false,true,3,true,true,true,false,Aspiring,LMS/Bypasser,LMS/Bypasser,only one
2131466.0,thierry-lumbu-ministries-s-school.teachable.com,,11,2,false,true,1,true,true,true,false,Aspiring,LMS/Bypasser,LMS/Bypasser,only one
2180459.0,vipre-technology.teachable.com,,94,2,false,true,5,true,true,true,false,Aspiring,LMS/Bypasser,LMS/Bypasser,only one
650965.0,takemetotruth.teachable.com,,3472,119,false,true,11,true,true,true,true,LMS/Bypasser,LMS/Bypasser,LMS/Bypasser,both
2160064.0,splunkodyssey.teachable.com,,38,2,false,true,1,true,true,true,false,Aspiring,LMS/Bypasser,LMS/Bypasser,only one
622768.0,lauralab.teachable.com,,235,14,false,true,2,true,true,true,true,LMS/Bypasser,LMS/Bypasser,LMS/Bypasser,both
2121894.0,empowerautismschool.teachable.com,,108,2,false,true,1,true,true,true,true,LMS/Bypasser,LMS/Bypasser,LMS/Bypasser,both
2202766.0,teachable.heartsaver.co.nz,,1289,3,true,true,4,true,true,true,true,LMS/Bypasser,LMS/Bypasser,LMS/Bypasser,both
2294920.0,sky-s-school31.teachable.com,,482,6,false,false,4,true,true,true,true,LMS/Bypasser,LMS/Bypasser,LMS/Bypasser,both
2381276.0,study.tyacca.com,,1992,38,true,true,3,true,true,true,true,LMS/Bypasser,LMS/Bypasser,LMS/Bypasser,both
2692538.0,detect-data-quality-program.teachable.com,,49,1,false,true,2,true,false,true,true,LMS/Bypasser,Aspiring,LMS/Bypasser,only one
131459.0,tesla-mr-institute.teachable.com,,653,11,false,true,6,true,true,true,true,LMS/Bypasser,LMS/Bypasser,LMS/Bypasser,both
158645.0,persuasive-presenting.teachable.com,,255,4,false,true,1,true,true,true,true,LMS/Bypasser,LMS/Bypasser,LMS/Bypasser,both
728281.0,nave.teachable.com,,796,12,false,true,3,true,true,true,true,LMS/Bypasser,LMS/Bypasser,LMS/Bypasser,both
1309637.0,iryna-auchynnikava-s-school1.teachable.com,,256,18,false,true,1,true,true,true,false,Aspiring,LMS/Bypasser,LMS/Bypasser,only one
1614333.0,las-s-school1.teachable.com,,49,1,false,true,1,true,true,true,false,Aspiring,LMS/Bypasser,LMS/Bypasser,only one
932948.0,federalinjurycenters.teachable.com,,1366,6,false,true,4,true,true,true,true,LMS/Bypasser,LMS/Bypasser,LMS/Bypasser,both
1222972.0,online.trizthinking.com,,457,4,true,false,1,true,true,true,true,LMS/Bypasser,LMS/Bypasser,LMS/Bypasser,both
1249769.0,universidad-corporativa-visualiza.teachable.com,,757,32,false,true,1,true,true,true,true,LMS/Bypasser,LMS/Bypasser,LMS/Bypasser,both
1467935.0,chris-garcia-s-school.teachable.com,,671,6,false,true,5,true,true,true,true,LMS/Bypasser,LMS/Bypasser,LMS/Bypasser,both
2646459.0,academy.air-ed.com,,321,1,true,true,1,true,true,true,false,Aspiring,LMS/Bypasser,LMS/Bypasser,only one
268970.0,moxieuniversity.teachable.com,,5771,8,false,true,9,true,true,true,true,LMS/Bypasser,LMS/Bypasser,LMS/Bypasser,both
767591.0,aust-academy.teachable.com,,206,27,false,true,6,true,true,true,true,LMS/Bypasser,LMS/Bypasser,LMS/Bypasser,both
1236466.0,calm-nutrition-llc.teachable.com,,173,3,false,true,1,true,true,true,false,Aspiring,LMS/Bypasser,LMS/Bypasser,only one
1461261.0,team-opie.teachable.com,,44,1,false,true,2,true,true,true,false,Aspiring,LMS/Bypasser,LMS/Bypasser,only one
1665438.0,abt-rbt-training.teachable.com,,1050,9,false,true,12,true,true,true,true,LMS/Bypasser,LMS/Bypasser,LMS/Bypasser,both
910434.0,128tutorialschool.com,,4072,264,true,false,5,true,true,true,true,LMS/Bypasser,LMS/Bypasser,LMS/Bypasser,both
948267.0,nextwavestem.teachable.com,,1548,106,false,true,7,true,true,true,true,LMS/Bypasser,LMS/Bypasser,LMS/Bypasser,both
1030456.0,goodsuccess.teachable.com,,13210,38,false,true,5,true,true,true,false,Aspiring,LMS/Bypasser,LMS/Bypasser,only one
400101.0,online-training.piccresource.com,,1186,6,true,true,5,true,true,true,true,LMS/Bypasser,LMS/Bypasser,LMS/Bypasser,both
420942.0,cfhtraining.teachable.com,,147,1,false,true,6,true,true,true,true,LMS/Bypasser,LMS/Bypasser,LMS/Bypasser,both
426843.0,adversity-university2.teachable.com,,251,13,false,false,4,true,true,true,true,LMS/Bypasser,LMS/Bypasser,LMS/Bypasser,both
1232703.0,the-food-blog-academy.teachable.com,,142,3,false,true,1,true,false,true,true,LMS/Bypasser,Aspiring,LMS/Bypasser,only one
1670741.0,diana-pachon-s-school.teachable.com,,421,12,false,true,3,true,true,true,true,LMS/Bypasser,LMS/Bypasser,LMS/Bypasser,both
2069425.0,mazieducation.teachable.com,,130,9,false,true,3,true,false,true,true,LMS/Bypasser,Aspiring,LMS/Bypasser,only one
2266852.0,alex-shaw-s-school1.teachable.com,,115,1,false,true,1,true,false,true,true,LMS/Bypasser,Aspiring,LMS/Bypasser,only one
416909.0,rosa-institute.teachable.com,,23360,38,false,true,1,true,true,true,true,LMS/Bypasser,LMS/Bypasser,LMS/Bypasser,both
2266010.0,patrick-tame-s-school.teachable.com,,255,6,false,true,1,true,true,true,true,LMS/Bypasser,LMS/Bypasser,LMS/Bypasser,both
448270.0,edfirst.teachable.com,,240,15,false,true,3,true,true,true,true,LMS/Bypasser,LMS/Bypasser,LMS/Bypasser,both
576364.0,kingston-lane.teachable.com,,1210,13,false,true,3,true,false,true,true,LMS/Bypasser,Aspiring,LMS/Bypasser,only one
593781.0,mantrailing-uk.teachable.com,,332,4,false,true,1,true,true,true,true,LMS/Bypasser,LMS/Bypasser,LMS/Bypasser,both
1430986.0,ympact-academy.teachable.com,,214,4,false,true,8,true,true,true,true,LMS/Bypasser,LMS/Bypasser,LMS/Bypasser,both
1948918.0,yuta-oku-s-school.teachable.com,,156,2,false,true,1,true,false,true,true,LMS/Bypasser,Aspiring,LMS/Bypasser,only one
1988117.0,helixcotraining.teachable.com,,451,4,false,true,7,true,true,true,true,LMS/Bypasser,LMS/Bypasser,LMS/Bypasser,both
2590073.0,theparentculture.teachable.com,,322,2,false,true,6,true,true,true,true,LMS/Bypasser,LMS/Bypasser,LMS/Bypasser,both
2656585.0,mtrc-market-access-s-school.teachable.com,,89,2,false,true,1,true,true,true,true,LMS/Bypasser,LMS/Bypasser,LMS/Bypasser,both
1146362.0,www.chesterton.online,,1663,18,true,true,35,true,true,true,true,LMS/Bypasser,LMS/Bypasser,LMS/Bypasser,both
321391.0,amberrenae.teachable.com,,1567,6,false,true,4,true,true,true,true,LMS/Bypasser,LMS/Bypasser,LMS/Bypasser,both
683574.0,get-savvy-coaching-and-training.teachable.com,,95,1,false,true,2,true,true,true,false,Aspiring,LMS/Bypasser,LMS/Bypasser,only one
782643.0,awakenconsulting.teachable.com,,136,5,false,true,2,true,true,true,false,Aspiring,LMS/Bypasser,LMS/Bypasser,only one
1418627.0,abtaba.teachable.com,,1912,47,false,false,26,true,true,true,true,LMS/Bypasser,LMS/Bypasser,LMS/Bypasser,both
1509869.0,nishkarsh-sharma-s-school.teachable.com,,4828,6,false,true,6,true,true,true,true,LMS/Bypasser,LMS/Bypasser,LMS/Bypasser,both
1680298.0,kiva-brent-s-school.teachable.com,,60,1,false,true,1,true,true,true,false,Aspiring,LMS/Bypasser,LMS/Bypasser,only one
2127611.0,scorebuilders-llc-s-school.teachable.com,,144,7,false,true,7,true,false,true,true,LMS/Bypasser,Aspiring,LMS/Bypasser,only one
2367809.0,dispco.teachable.com,,284,3,false,true,3,true,false,true,true,LMS/Bypasser,Aspiring,LMS/Bypasser,only one
2616589.0,suzie-dodd-pilates-academy-s-school.teachable.com,,82,4,false,true,1,true,false,true,true,LMS/Bypasser,Aspiring,LMS/Bypasser,only one
786773.0,www.sanjeevj.com,1587.0,1487,29,true,true,1,true,true,true,true,LMS/Bypasser,LMS/Bypasser,LMS/Bypasser,both
358790.0,viticus_group.teachable.com,,3035,7,false,true,7,true,false,true,true,LMS/Bypasser,Aspiring,LMS/Bypasser,only one
414874.0,spirit-sale.teachable.com,,1875,1,false,true,1,true,true,true,false,Aspiring,LMS/Bypasser,LMS/Bypasser,only one
767098.0,janegee.teachable.com,,57,6,false,true,1,true,true,true,false,Aspiring,LMS/Bypasser,LMS/Bypasser,only one
874663.0,charles-owen-e-learning.teachable.com,,201,24,false,true,7,true,true,true,true,LMS/Bypasser,LMS/Bypasser,LMS/Bypasser,both
1029139.0,cherokeecountypollworkeruniversity.teachable.com,,954,16,false,true,17,true,true,true,true,LMS/Bypasser,LMS/Bypasser,LMS/Bypasser,both
1409851.0,sportscool.teachable.com,,245,12,false,true,5,true,true,true,true,LMS/Bypasser,LMS/Bypasser,LMS/Bypasser,both
1695454.0,richard-olley-s-school.teachable.com,,29,5,false,true,6,true,true,true,false,Aspiring,LMS/Bypasser,LMS/Bypasser,only one
2589841.0,courses.farmeranalytics.com,,93,8,true,false,1,true,false,true,true,LMS/Bypasser,Aspiring,LMS/Bypasser,only one
327545.0,addictionschool.addictionpolicy.org,,4698,16,true,true,7,true,true,true,true,LMS/Bypasser,LMS/Bypasser,LMS/Bypasser,both
482446.0,cryptorevolution.teachable.com,,161371,127,false,true,12,true,true,true,true,LMS/Bypasser,LMS/Bypasser,LMS/Bypasser,both
819062.0,pitchblack.teachable.com,,3637,33,false,true,13,true,true,true,true,LMS/Bypasser,LMS/Bypasser,LMS/Bypasser,both
1334295.0,profectus-academy.teachable.com,,152,6,false,true,1,true,false,true,true,LMS/Bypasser,Aspiring,LMS/Bypasser,only one
2234766.0,erika-nygard-s-school.teachable.com,,342,3,false,true,3,true,true,true,true,LMS/Bypasser,LMS/Bypasser,LMS/Bypasser,both
2348939.0,workana-academy-pt.teachable.com,,1301,6,false,true,2,true,true,true,true,LMS/Bypasser,LMS/Bypasser,LMS/Bypasser,both
755373.0,diamondfms.teachable.com,,42,1,false,true,3,true,true,true,false,Aspiring,LMS/Bypasser,LMS/Bypasser,only one
970349.0,interprise.teachable.com,,259,4,false,true,2,true,true,true,false,Aspiring,LMS/Bypasser,LMS/Bypasser,only one
1178009.0,soulandsage.teachable.com,,116,10,false,true,1,true,true,true,true,LMS/Bypasser,LMS/Bypasser,LMS/Bypasser,both
1204331.0,control-marketers-hub.teachable.com,,216,16,false,true,1,true,false,true,true,LMS/Bypasser,Aspiring,LMS/Bypasser,only one
1530260.0,revolvingacademy.com,,306,7,true,true,5,true,true,true,false,Aspiring,LMS/Bypasser,LMS/Bypasser,only one
1636019.0,brooke-saward-s-school.teachable.com,,208,1,false,true,1,true,true,true,true,LMS/Bypasser,LMS/Bypasser,LMS/Bypasser,both
2128694.0,starla-phillps-s-school.teachable.com,,166,2,false,true,1,true,true,true,true,LMS/Bypasser,LMS/Bypasser,LMS/Bypasser,both
1756723.0,sophie-laurence-s-school.teachable.com,,2915,28,false,true,1,true,true,true,true,LMS/Bypasser,LMS/Bypasser,LMS/Bypasser,both
337131.0,tpg-u.pedowitzgroup.com,,231,53,true,true,11,true,true,true,true,LMS/Bypasser,LMS/Bypasser,LMS/Bypasser,both
441416.0,elearn.plasticpipe.org,,1230,9,true,true,7,true,false,true,true,LMS/Bypasser,Aspiring,LMS/Bypasser,only one
727976.0,stage-up-lesson.teachable.com,,60,1,false,true,1,true,true,true,false,Aspiring,LMS/Bypasser,LMS/Bypasser,only one
758830.0,strategicalpha.teachable.com,,813,14,false,true,1,true,true,true,true,LMS/Bypasser,LMS/Bypasser,LMS/Bypasser,both
1289234.0,yoshimikayama.teachable.com,,169,21,false,true,1,true,false,true,true,LMS/Bypasser,Aspiring,LMS/Bypasser,only one
1418317.0,canixa-lifesciences-s-school.teachable.com,,833,1,false,true,2,true,true,true,true,LMS/Bypasser,LMS/Bypasser,LMS/Bypasser,both
1604520.0,cib.team,,2040,6,true,false,1,true,true,true,true,LMS/Bypasser,LMS/Bypasser,LMS/Bypasser,both
1470449.0,canadiankennelclub.teachable.com,,893,202,false,true,11,true,true,true,true,LMS/Bypasser,LMS/Bypasser,LMS/Bypasser,both
459535.0,ticket-traphouse.teachable.com,,68,10,false,true,4,true,true,true,true,LMS/Bypasser,LMS/Bypasser,LMS/Bypasser,both
709408.0,chart-beverage-webinars.teachable.com,,85,4,false,true,2,true,false,true,true,LMS/Bypasser,Aspiring,LMS/Bypasser,only one
733562.0,bay-venues.teachable.com,,163,9,false,true,8,true,true,true,false,Aspiring,LMS/Bypasser,LMS/Bypasser,only one
1373860.0,spf-training.teachable.com,,36,3,false,true,1,true,true,true,false,Aspiring,LMS/Bypasser,LMS/Bypasser,only one
1699821.0,levinsonannuitydivision.teachable.com,,294,6,false,true,1,true,true,true,true,LMS/Bypasser,LMS/Bypasser,LMS/Bypasser,both
1815543.0,optelos-telecom-inspections.teachable.com,,64,10,false,true,5,true,true,true,false,Aspiring,LMS/Bypasser,LMS/Bypasser,only one
2003707.0,vintage-buyer-college-s-school.teachable.com,,537,11,false,false,4,true,false,true,true,LMS/Bypasser,Aspiring,LMS/Bypasser,only one
198405.0,academy.alanteair.com,,126,10,true,true,7,true,true,true,false,Aspiring,LMS/Bypasser,LMS/Bypasser,only one
930954.0,chw-certification-training-program.teachable.com,,715,20,false,true,15,true,true,true,true,LMS/Bypasser,LMS/Bypasser,LMS/Bypasser,both
1095654.0,ridgeline-university.teachable.com,,79,8,false,true,7,true,true,true,true,LMS/Bypasser,LMS/Bypasser,LMS/Bypasser,both
1097700.0,blueberry-institute.teachable.com,,399,4,false,true,2,true,false,true,true,LMS/Bypasser,Aspiring,LMS/Bypasser,only one
2030538.0,mdc-japan.teachable.com,,78,8,false,true,4,true,false,true,true,LMS/Bypasser,Aspiring,LMS/Bypasser,only one
2461590.0,fly-wheel.teachable.com,,181,1,false,true,1,true,true,true,true,LMS/Bypasser,LMS/Bypasser,LMS/Bypasser,both
2479802.0,celquest-university1.teachable.com,,73,19,false,true,2,true,false,true,true,LMS/Bypasser,Aspiring,LMS/Bypasser,only one
1388001.0,common-goal.teachable.com,,4989,4,false,true,4,true,true,true,false,Aspiring,LMS/Bypasser,LMS/Bypasser,only one
48383.0,brandlibrary.teachable.com,,171,20,false,true,2,true,true,true,false,Aspiring,LMS/Bypasser,LMS/Bypasser,only one
176081.0,bryco-facility-services.teachable.com,,123,11,false,true,1,true,true,true,true,LMS/Bypasser,LMS/Bypasser,LMS/Bypasser,both
297918.0,businessprotraining.es,,48584,38,true,true,10,true,true,true,true,LMS/Bypasser,LMS/Bypasser,LMS/Bypasser,both
553380.0,missioncapital.teachable.com,,2298,49,false,true,6,true,true,true,true,LMS/Bypasser,LMS/Bypasser,LMS/Bypasser,both
1070438.0,aegis-academy.teachable.com,,1840,7,false,true,3,true,false,true,true,LMS/Bypasser,Aspiring,LMS/Bypasser,only one
1163634.0,taizen.ama-biz.com,,386,2,true,false,2,true,false,true,true,LMS/Bypasser,Aspiring,LMS/Bypasser,only one
1578829.0,learning.ilma.org,,763,6,true,true,7,true,true,true,false,Aspiring,LMS/Bypasser,LMS/Bypasser,only one
115636.0,ciar.teachable.com,,375,47,false,true,8,true,true,true,false,Aspiring,LMS/Bypasser,LMS/Bypasser,only one
141303.0,texasbh.teachable.com,,826,35,false,true,6,true,true,true,true,LMS/Bypasser,LMS/Bypasser,LMS/Bypasser,both
797208.0,paradigm-sg.teachable.com,,942,27,false,false,5,true,true,true,true,LMS/Bypasser,LMS/Bypasser,LMS/Bypasser,both
1339268.0,edmodacademy.educationmodified.com,,2440,16,true,true,4,true,true,true,true,LMS/Bypasser,LMS/Bypasser,LMS/Bypasser,both
1655696.0,nikhil-v-kumar-s-school.teachable.com,,71,4,false,true,1,true,false,true,true,LMS/Bypasser,Aspiring,LMS/Bypasser,only one
1899216.0,utbildning.sensera.se,,138,7,true,true,5,true,false,true,true,LMS/Bypasser,Aspiring,LMS/Bypasser,only one
1980796.0,craig-brennan-s-school.teachable.com,,197,7,false,true,12,true,true,true,true,LMS/Bypasser,LMS/Bypasser,LMS/Bypasser,both
1995063.0,eianow.teachable.com,,37,7,false,true,6,true,false,true,true,LMS/Bypasser,Aspiring,LMS/Bypasser,only one
2331738.0,courses.healthjustice.org.au,,46,3,true,true,5,true,false,true,true,LMS/Bypasser,Aspiring,LMS/Bypasser,only one
2540536.0,matarat.sustainabilitylearninghub.com,,268,1,true,true,3,true,true,true,true,LMS/Bypasser,LMS/Bypasser,LMS/Bypasser,both
536706.0,music-as-therapy-international.teachable.com,,679,4,false,true,5,true,true,true,false,Aspiring,LMS/Bypasser,LMS/Bypasser,only one
1221253.0,opleiding.swimcool.be,,128,2,true,true,2,true,true,true,true,LMS/Bypasser,LMS/Bypasser,LMS/Bypasser,both
1257480.0,train2succeed.teachable.com,,399,13,false,false,10,true,true,true,true,LMS/Bypasser,LMS/Bypasser,LMS/Bypasser,both
1449744.0,skinuva.teachable.com,,83,2,false,true,2,true,true,true,true,LMS/Bypasser,LMS/Bypasser,LMS/Bypasser,both
1668564.0,empowered-martial-arts-jiu-jitsu-business-acad.teachable.com,,14,1,false,true,1,false,true,true,false,Aspiring,LMS/Bypasser,LMS/Bypasser,only one
573197.0,chile-dual.teachable.com,,1061,12,false,false,3,true,true,true,false,Aspiring,LMS/Bypasser,LMS/Bypasser,only one
623047.0,ekr-mexico-centro.teachable.com,,365,42,false,false,9,true,true,true,true,LMS/Bypasser,LMS/Bypasser,LMS/Bypasser,both
105408.0,iowakidsight.teachable.com,,945,2,false,true,1,true,true,true,false,Aspiring,LMS/Bypasser,LMS/Bypasser,only one
1037019.0,hackthegap.teachable.com,,135,8,false,true,21,true,true,true,true,LMS/Bypasser,LMS/Bypasser,LMS/Bypasser,both
1190386.0,mapp.teachable.com,,755,72,false,true,1,true,true,true,true,LMS/Bypasser,LMS/Bypasser,LMS/Bypasser,both
1194176.0,jewish-feminist-academy.teachable.com,,106,1,false,true,2,true,false,true,true,LMS/Bypasser,Aspiring,LMS/Bypasser,only one
1283767.0,raquelqueirospinto.teachable.com,,489,25,false,false,5,true,true,true,true,LMS/Bypasser,LMS/Bypasser,LMS/Bypasser,both
1607164.0,sustainable-food-institute.teachable.com,,145,14,false,true,14,true,true,true,true,LMS/Bypasser,LMS/Bypasser,LMS/Bypasser,both
2459956.0,central-security-s-school.teachable.com,,73,20,false,true,6,true,true,true,true,LMS/Bypasser,LMS/Bypasser,LMS/Bypasser,both
1068076.0,manusis4academy.teachable.com,,625,2,false,true,3,true,true,true,true,LMS/Bypasser,LMS/Bypasser,LMS/Bypasser,both
1119817.0,etraining.tumcivil.com,,4145,28,true,false,5,true,false,true,true,LMS/Bypasser,Aspiring,LMS/Bypasser,only one
1412075.0,drpi.hr,3732.0,2133,11,true,false,1,true,true,true,true,LMS/Bypasser,LMS/Bypasser,LMS/Bypasser,both
215771.0,tutorialsonline.ca,,1046,50,true,true,6,true,true,true,true,LMS/Bypasser,LMS/Bypasser,LMS/Bypasser,both
376511.0,cgltraining.teachable.com,,92,17,false,true,1,true,false,true,true,LMS/Bypasser,Aspiring,LMS/Bypasser,only one
381692.0,alliedu.teachable.com,,369,12,false,false,3,true,true,true,true,LMS/Bypasser,LMS/Bypasser,LMS/Bypasser,both
1030852.0,cloudscape-university1.teachable.com,,188,4,false,true,6,true,true,true,true,LMS/Bypasser,LMS/Bypasser,LMS/Bypasser,both
1189317.0,www.sciencesalescollege.jp,,486,12,true,true,4,true,true,true,true,LMS/Bypasser,LMS/Bypasser,LMS/Bypasser,both
1196854.0,theprivatepracticeceo.teachable.com,,158,10,false,true,1,true,true,true,true,LMS/Bypasser,LMS/Bypasser,LMS/Bypasser,both
1298331.0,internal-va-sbdc.teachable.com,,126,2,false,true,1,true,true,true,false,Aspiring,LMS/Bypasser,LMS/Bypasser,only one
1322800.0,theacademyofleaders.teachable.com,,68,3,false,true,2,true,true,true,false,Aspiring,LMS/Bypasser,LMS/Bypasser,only one
1681950.0,luciano-staffieri-s-school.teachable.com,,45,1,false,true,1,true,true,true,false,Aspiring,LMS/Bypasser,LMS/Bypasser,only one
1689495.0,emmrdsafeguarding.teachable.com,,648,2,false,true,5,true,true,true,false,Aspiring,LMS/Bypasser,LMS/Bypasser,only one
2246417.0,optionstradinguniversity.teachable.com,,873,2,false,true,5,true,true,true,true,LMS/Bypasser,LMS/Bypasser,LMS/Bypasser,both
2419182.0,the-mindful-project2.teachable.com,,34,3,false,true,2,true,false,true,true,LMS/Bypasser,Aspiring,LMS/Bypasser,only one
86798.0,renessaspeaks.teachable.com,,138,7,false,true,2,true,true,true,false,Aspiring,LMS/Bypasser,LMS/Bypasser,only one
608457.0,school.otomatiks.com,,52,4,true,true,3,true,true,true,true,LMS/Bypasser,LMS/Bypasser,LMS/Bypasser,both
711436.0,derbyshire-aggregates-resin-bound-training.teachable.com,,3973,1,false,true,5,true,true,true,false,Aspiring,LMS/Bypasser,LMS/Bypasser,only one
1051795.0,metodo-all-in.teachable.com,,270,17,false,true,3,true,true,true,true,LMS/Bypasser,LMS/Bypasser,LMS/Bypasser,both
1114182.0,futureswithoutviolencehealth.teachable.com,,902,7,false,true,9,true,true,true,true,LMS/Bypasser,LMS/Bypasser,LMS/Bypasser,both
1471948.0,everybodyvotes.teachable.com,,635,66,false,true,4,true,true,true,true,LMS/Bypasser,LMS/Bypasser,LMS/Bypasser,both
1682101.0,plpt-academy.teachable.com,,95,33,false,true,4,true,false,true,true,LMS/Bypasser,Aspiring,LMS/Bypasser,only one
1732509.0,motwcoffee.teachable.com,,95,2,false,true,1,true,true,true,false,Aspiring,LMS/Bypasser,LMS/Bypasser,only one
2119741.0,education.uhphawaii.org,,90,3,true,true,4,true,true,true,false,Aspiring,LMS/Bypasser,LMS/Bypasser,only one
2421456.0,shl-academy-s-school.teachable.com,,159,6,false,true,1,true,true,true,true,LMS/Bypasser,LMS/Bypasser,LMS/Bypasser,both
873888.0,dosbarth-safeguarding.teachable.com,,531,2,false,true,4,true,true,true,true,LMS/Bypasser,LMS/Bypasser,LMS/Bypasser,both
403579.0,dewees-island-environmental-program.teachable.com,,55,3,false,true,1,true,false,true,true,LMS/Bypasser,Aspiring,LMS/Bypasser,only one
1699223.0,manychatedu.teachable.com,,423,16,false,true,7,true,false,true,true,LMS/Bypasser,Aspiring,LMS/Bypasser,only one
362451.0,home-hackers-robotics-and-programming-classes.teachable.com,,697,4,false,true,1,true,true,true,true,LMS/Bypasser,LMS/Bypasser,LMS/Bypasser,both
1703288.0,fatoumata-diallo-s-school.teachable.com,,1930,7,false,true,1,true,true,true,false,Aspiring,LMS/Bypasser,LMS/Bypasser,only one
2083129.0,justice-academy.com,,2416,56,true,false,8,true,true,true,true,LMS/Bypasser,LMS/Bypasser,LMS/Bypasser,both
2015469.0,toyotiresdiscoverysessions.teachable.com,,62,2,false,true,2,true,false,true,true,LMS/Bypasser,Aspiring,LMS/Bypasser,only one
190714.0,ufarrow.teachable.com,,1141,28,false,true,8,true,true,true,true,LMS/Bypasser,LMS/Bypasser,LMS/Bypasser,both
615721.0,fracttal.teachable.com,,12377,139,false,true,8,true,true,true,true,LMS/Bypasser,LMS/Bypasser,LMS/Bypasser,both
301547.0,clean-remedies-university.teachable.com,,898,3,false,true,8,true,true,true,true,LMS/Bypasser,LMS/Bypasser,LMS/Bypasser,both
665687.0,marineanimals.teachable.com,,924,5,false,true,5,true,false,true,true,LMS/Bypasser,Aspiring,LMS/Bypasser,only one
1776319.0,richard-reyes-s-school.teachable.com,,17,2,false,true,1,false,true,true,false,Aspiring,LMS/Bypasser,LMS/Bypasser,only one
1899053.0,yogafolks-school.teachable.com,,99,19,false,true,2,true,false,true,true,LMS/Bypasser,Aspiring,LMS/Bypasser,only one
1933265.0,heather-morgan-s-school.teachable.com,,33,1,false,true,1,true,true,true,false,Aspiring,LMS/Bypasser,LMS/Bypasser,only one
1657802.0,lucci-onlinestore-school.teachable.com,,66,2,false,true,1,true,true,true,false,Aspiring,LMS/Bypasser,LMS/Bypasser,only one
2045437.0,tso-ac.teachable.com,,97,31,false,false,3,true,true,true,true,LMS/Bypasser,LMS/Bypasser,LMS/Bypasser,both
2078891.0,minail-beauty.teachable.com,,304,4,false,true,1,true,true,true,true,LMS/Bypasser,LMS/Bypasser,LMS/Bypasser,both
2377942.0,www.palmplus.org,,119,3,true,false,1,true,false,true,true,LMS/Bypasser,Aspiring,LMS/Bypasser,only one
2389342.0,keri-o-meara-s-school.teachable.com,,81,5,false,true,1,true,false,true,true,LMS/Bypasser,Aspiring,LMS/Bypasser,only one
236120.0,ienglishschool.mn,,12779,16,true,false,9,true,true,true,true,LMS/Bypasser,LMS/Bypasser,LMS/Bypasser,both
1426106.0,training.mtgileadfgim.org,,1176,38,true,true,8,true,false,true,true,LMS/Bypasser,Aspiring,LMS/Bypasser,only one
229962.0,superannuation-education-png.teachable.com,,267,7,false,true,2,true,true,true,true,LMS/Bypasser,LMS/Bypasser,LMS/Bypasser,both
380104.0,skycatch1.teachable.com,,1263,29,false,true,9,true,true,true,true,LMS/Bypasser,LMS/Bypasser,LMS/Bypasser,both
1042803.0,dcrcc.teachable.com,,119,14,false,true,4,true,true,true,false,Aspiring,LMS/Bypasser,LMS/Bypasser,only one
1158221.0,the_franchise_group_training_support_programs.teachable.com,,152,4,false,true,2,true,true,true,false,Aspiring,LMS/Bypasser,LMS/Bypasser,only one
1410731.0,funkyfeetmusiconline.teachable.com,,471,4,false,true,3,true,false,true,true,LMS/Bypasser,Aspiring,LMS/Bypasser,only one
2181882.0,firstaidshow.teachable.com,,222,2,false,true,2,true,true,true,true,LMS/Bypasser,LMS/Bypasser,LMS/Bypasser,both
2365532.0,glynnis-fransen-s-school.teachable.com,,350,2,false,true,1,true,true,true,true,LMS/Bypasser,LMS/Bypasser,LMS/Bypasser,both
35833.0,womaninc.teachable.com,,359,11,false,true,1,true,true,true,false,Aspiring,LMS/Bypasser,LMS/Bypasser,only one
630361.0,precision-healthcare-solutions-training-center.teachable.com,,527,32,false,false,5,true,true,true,false,Aspiring,LMS/Bypasser,LMS/Bypasser,only one
661885.0,chakrawork.teachable.com,,1383,32,false,false,5,true,true,true,true,LMS/Bypasser,LMS/Bypasser,LMS/Bypasser,both
736646.0,runenergyusa.teachable.com,,964,15,false,true,7,true,true,true,true,LMS/Bypasser,LMS/Bypasser,LMS/Bypasser,both
1149863.0,cityrelief.teachable.com,,2068,9,false,true,8,true,false,true,true,LMS/Bypasser,Aspiring,LMS/Bypasser,only one
1239021.0,online-arabic-bible-school.teachable.com,,426,3,false,false,3,true,false,true,true,LMS/Bypasser,Aspiring,LMS/Bypasser,only one
1336950.0,kim-kwangsu-s-school.teachable.com,,274,1,false,true,5,true,true,true,true,LMS/Bypasser,LMS/Bypasser,LMS/Bypasser,both
1703071.0,servant-home-care-academy.teachable.com,,342,34,false,false,3,true,true,true,true,LMS/Bypasser,LMS/Bypasser,LMS/Bypasser,both
325805.0,storable.teachable.com,,22808,25,false,true,16,true,true,true,false,Aspiring,LMS/Bypasser,LMS/Bypasser,only one
573349.0,swab-the-world-school.teachable.com,,1152,2,false,true,1,true,false,true,true,LMS/Bypasser,Aspiring,LMS/Bypasser,only one
729483.0,regional-office-of-education-1.teachable.com,,1060,34,false,true,18,true,true,true,true,LMS/Bypasser,LMS/Bypasser,LMS/Bypasser,both
764664.0,courses.wearesfc.org,,544,2,true,true,5,true,true,true,true,LMS/Bypasser,LMS/Bypasser,LMS/Bypasser,both
771231.0,hrwebsource.com,,543,11,true,true,3,true,true,true,false,Aspiring,LMS/Bypasser,LMS/Bypasser,only one
910350.0,hypnose-moderne.teachable.com,,724,7,false,true,1,true,true,true,false,Aspiring,LMS/Bypasser,LMS/Bypasser,only one
934281.0,nal-academy.teachable.com,,71,4,false,true,8,true,true,true,false,Aspiring,LMS/Bypasser,LMS/Bypasser,only one
1117198.0,ecomm-godz-brand-bible.teachable.com,,1165,1,false,true,1,true,true,true,true,LMS/Bypasser,LMS/Bypasser,LMS/Bypasser,both
1584665.0,learn.lingubee.in,,326,23,true,false,1,true,false,true,true,LMS/Bypasser,Aspiring,LMS/Bypasser,only one
2032213.0,s-school15195.teachable.com,,2514,21,false,true,8,true,true,true,true,LMS/Bypasser,LMS/Bypasser,LMS/Bypasser,both
444488.0,adquitectura.teachable.com,,108,2,false,true,2,true,true,true,false,Aspiring,LMS/Bypasser,LMS/Bypasser,only one
522975.0,ffl-america-bootcamp.teachable.com,,15831,2,false,true,1,true,true,true,false,Aspiring,LMS/Bypasser,LMS/Bypasser,only one
667361.0,fengshuiprosper.teachable.com,,310,14,false,true,1,true,true,true,true,LMS/Bypasser,LMS/Bypasser,LMS/Bypasser,both
1287348.0,topremaxacademy.teachable.com,,142,18,false,true,1,true,true,true,false,Aspiring,LMS/Bypasser,LMS/Bypasser,only one
2385020.0,academy.nuuaa.com,,66,3,true,true,7,true,false,true,true,LMS/Bypasser,Aspiring,LMS/Bypasser,only one
2498846.0,domberger-brot-werk-gmbh-co-kg-s-school.teachable.com,,72,1,false,true,1,true,false,true,true,LMS/Bypasser,Aspiring,LMS/Bypasser,only one
217847.0,hr-rocks-academy.teachable.com,,245790,8,false,true,4,true,true,true,true,LMS/Bypasser,LMS/Bypasser,LMS/Bypasser,both
239497.0,nainternal.teachable.com,,161,24,false,true,1,true,true,true,true,LMS/Bypasser,LMS/Bypasser,LMS/Bypasser,both
379017.0,casauniversity.teachable.com,,316,14,false,true,2,true,true,true,false,Aspiring,LMS/Bypasser,LMS/Bypasser,only one
410578.0,thewirenut.teachable.com,,276,6,false,true,3,true,true,true,false,Aspiring,LMS/Bypasser,LMS/Bypasser,only one
689440.0,haranoriko.teachable.com,,7544,2,false,false,5,true,true,true,false,Aspiring,LMS/Bypasser,LMS/Bypasser,only one
825700.0,anavo-solutions.teachable.com,,343,20,false,true,3,true,true,true,true,LMS/Bypasser,LMS/Bypasser,LMS/Bypasser,both
1157596.0,livingskillsintheschools.teachable.com,,117,2,false,true,6,true,false,true,true,LMS/Bypasser,Aspiring,LMS/Bypasser,only one
2686564.0,coworkingcenterforentrepreneurs.teachable.com,,95,3,false,true,5,true,false,true,true,LMS/Bypasser,Aspiring,LMS/Bypasser,only one
1341776.0,courses.vantageadmissions.co.uk,,266,39,true,false,2,true,true,true,true,LMS/Bypasser,LMS/Bypasser,LMS/Bypasser,both
1975079.0,jody-moore-coaching.teachable.com,,15961,15,false,true,4,true,true,true,true,LMS/Bypasser,LMS/Bypasser,LMS/Bypasser,both
339245.0,blueenv.teachable.com,,569,5,false,true,3,true,true,true,false,Aspiring,LMS/Bypasser,LMS/Bypasser,only one
1443316.0,courses.sogacademy.com,,63,5,true,true,3,true,true,true,false,Aspiring,LMS/Bypasser,LMS/Bypasser,only one
1241725.0,koreinsulation.teachable.com,,1340,6,false,true,15,true,false,true,true,LMS/Bypasser,Aspiring,LMS/Bypasser,only one
267943.0,tarbiyacademy.com,,318,11,true,false,1,true,true,true,true,LMS/Bypasser,LMS/Bypasser,LMS/Bypasser,both
426612.0,gastro-uni.teachable.com,,99,8,false,true,3,true,true,true,false,Aspiring,LMS/Bypasser,LMS/Bypasser,only one
952776.0,school.hoshicomi.jp,,471,32,true,true,1,true,false,true,true,LMS/Bypasser,Aspiring,LMS/Bypasser,only one
1043828.0,gv-equip.teachable.com,,231,31,false,true,8,true,false,true,true,LMS/Bypasser,Aspiring,LMS/Bypasser,only one
1149349.0,freedom-prayer.teachable.com,,768,15,false,true,3,true,true,true,true,LMS/Bypasser,LMS/Bypasser,LMS/Bypasser,both
1230104.0,ben-lau-education.teachable.com,,75,2,false,true,1,true,false,true,true,LMS/Bypasser,Aspiring,LMS/Bypasser,only one
1836682.0,100cameras.teachable.com,,83,3,false,true,1,true,true,true,false,Aspiring,LMS/Bypasser,LMS/Bypasser,only one
543560.0,ultradent.teachable.com,,14492,60,false,true,10,true,true,true,false,Aspiring,LMS/Bypasser,LMS/Bypasser,only one
1751586.0,getdefigo.teachable.com,,438,2,false,true,5,true,true,true,true,LMS/Bypasser,LMS/Bypasser,LMS/Bypasser,both
265459.0,happy-excel.teachable.com,,137,4,false,true,1,true,true,true,false,Aspiring,LMS/Bypasser,LMS/Bypasser,only one
921591.0,40a-school.teachable.com,,99,7,false,true,5,true,true,true,true,LMS/Bypasser,LMS/Bypasser,LMS/Bypasser,both
1161668.0,mokymai.gydantysnamai.lt,,179,6,true,false,2,true,false,true,true,LMS/Bypasser,Aspiring,LMS/Bypasser,only one
1525145.0,kurt-hjelle-s-school.teachable.com,,30,2,false,true,1,true,true,true,false,Aspiring,LMS/Bypasser,LMS/Bypasser,only one
2048203.0,scw-usa-s-school.teachable.com,,76,3,false,false,3,true,true,true,false,Aspiring,LMS/Bypasser,LMS/Bypasser,only one
2441765.0,emma-voysey-s-school.teachable.com,,3446,4,false,true,1,true,true,true,false,Aspiring,LMS/Bypasser,LMS/Bypasser,only one
2465812.0,cara-williams-s-school.teachable.com,,1520,1,false,true,2,true,true,true,false,Aspiring,LMS/Bypasser,LMS/Bypasser,only one
272119.0,e2000.teachable.com,,20347,362,false,true,5,true,true,true,true,LMS/Bypasser,LMS/Bypasser,LMS/Bypasser,both
435602.0,strongbrandsocial.teachable.com,,23839,59,false,true,11,true,true,true,true,LMS/Bypasser,LMS/Bypasser,LMS/Bypasser,both
629850.0,star-u.teachable.com,,20,1,false,true,1,true,true,true,false,Aspiring,LMS/Bypasser,LMS/Bypasser,only one
802460.0,bmntaustralia.teachable.com,,321,16,false,true,4,true,true,true,true,LMS/Bypasser,LMS/Bypasser,LMS/Bypasser,both
877821.0,carrywell.teachable.com,,78,2,false,true,4,true,true,true,false,Aspiring,LMS/Bypasser,LMS/Bypasser,only one
902026.0,allraise.teachable.com,,1925,3,false,true,3,true,true,true,false,Aspiring,LMS/Bypasser,LMS/Bypasser,only one
934029.0,qualityroofing.teachable.com,,91,5,false,true,3,true,true,true,false,Aspiring,LMS/Bypasser,LMS/Bypasser,only one
1105186.0,beaufort-digital-corridor.teachable.com,,99,7,false,true,3,true,true,true,true,LMS/Bypasser,LMS/Bypasser,LMS/Bypasser,both
1382830.0,plpt-latam-s-school.teachable.com,,165,21,false,false,5,true,true,true,true,LMS/Bypasser,LMS/Bypasser,LMS/Bypasser,both
1491744.0,area71-academy-s-school.teachable.com,,5205,16,false,true,2,true,true,true,true,LMS/Bypasser,LMS/Bypasser,LMS/Bypasser,both
1793159.0,kenneth-wilbanks-s-school.teachable.com,,90,3,false,true,1,true,false,true,true,LMS/Bypasser,Aspiring,LMS/Bypasser,only one
2009590.0,mark-wenberg-s-school.teachable.com,,54,1,false,true,1,true,true,true,false,Aspiring,LMS/Bypasser,LMS/Bypasser,only one
2110600.0,footballtradingfc.teachable.com,,288,1,false,true,3,true,false,true,true,LMS/Bypasser,Aspiring,LMS/Bypasser,only one
2259668.0,fraser-dias-thorburn-s-school.teachable.com,,96,2,false,true,1,true,true,true,true,LMS/Bypasser,LMS/Bypasser,LMS/Bypasser,both
280228.0,teethkiss.teachable.com,,939,10,false,true,1,true,true,true,true,LMS/Bypasser,LMS/Bypasser,LMS/Bypasser,both
300618.0,uprep4college.teachable.com,,144,3,false,true,1,true,true,true,false,Aspiring,LMS/Bypasser,LMS/Bypasser,only one
495616.0,series.stressfit.com,,551,18,true,true,2,true,false,true,true,LMS/Bypasser,Aspiring,LMS/Bypasser,only one
988959.0,xamtec-pro.teachable.com,,108,5,false,true,1,true,true,true,false,Aspiring,LMS/Bypasser,LMS/Bypasser,only one
1055505.0,strandhuys-wassenaar.teachable.com,,67,2,false,true,1,true,true,true,true,LMS/Bypasser,LMS/Bypasser,LMS/Bypasser,both
1275652.0,roadstar-trucking.teachable.com,,520,1,false,true,8,true,false,true,true,LMS/Bypasser,Aspiring,LMS/Bypasser,only one
2438654.0,www.formazionedigitalmarketing.com,,82,1,true,true,3,true,false,true,true,LMS/Bypasser,Aspiring,LMS/Bypasser,only one
144844.0,www.9-1-1academy.com,,2379,111,true,true,146,true,true,true,true,LMS/Bypasser,LMS/Bypasser,LMS/Bypasser,both
672656.0,10xstudy.teachable.com,,6929,8,false,false,5,true,true,true,true,LMS/Bypasser,LMS/Bypasser,LMS/Bypasser,both
682465.0,pawsitive-training-onlinee.teachable.com,,486,20,false,true,1,true,true,true,true,LMS/Bypasser,LMS/Bypasser,LMS/Bypasser,both
911646.0,haynesfurniture.teachable.com,,1894,29,false,true,10,true,true,true,true,LMS/Bypasser,LMS/Bypasser,LMS/Bypasser,both
930349.0,muslim-teachers.teachable.com,,377,6,false,true,1,true,false,true,true,LMS/Bypasser,Aspiring,LMS/Bypasser,only one
956967.0,medical-gas-training-inc.teachable.com,,167,9,false,true,5,true,true,true,false,Aspiring,LMS/Bypasser,LMS/Bypasser,only one
1218320.0,academy.rockrobotic.com,,1520,7,true,true,6,true,true,true,true,LMS/Bypasser,LMS/Bypasser,LMS/Bypasser,both
1522783.0,bharti-rakheja-s-school1.teachable.com,,342,19,false,true,1,true,false,true,true,LMS/Bypasser,Aspiring,LMS/Bypasser,only one
1528699.0,porter-roofing-restoration-llc.teachable.com,,20,2,false,true,4,true,true,true,true,LMS/Bypasser,LMS/Bypasser,LMS/Bypasser,both
2120004.0,micheala-slipp-s-school.teachable.com,,41,5,false,true,1,true,true,true,false,Aspiring,LMS/Bypasser,LMS/Bypasser,only one
1322110.0,tomorrow-redefined-s-school.teachable.com,,743,9,false,true,1,true,true,true,true,LMS/Bypasser,LMS/Bypasser,LMS/Bypasser,both
1334321.0,school.holos-academeia.com,,716,8,true,true,4,true,true,true,true,LMS/Bypasser,LMS/Bypasser,LMS/Bypasser,both
1609124.0,appsfactory-s-school.teachable.com,,393,8,false,true,1,true,true,true,false,Aspiring,LMS/Bypasser,LMS/Bypasser,only one
1871884.0,www.taiwantourismschool.com,,388,1,true,true,1,true,true,true,false,Aspiring,LMS/Bypasser,LMS/Bypasser,only one
2356481.0,eckharttollefoundationcourses.org,,274,3,true,true,3,true,true,true,true,LMS/Bypasser,LMS/Bypasser,LMS/Bypasser,both
2375074.0,brian-purcell-s-school2.teachable.com,,28,32,false,true,3,true,true,true,false,Aspiring,LMS/Bypasser,LMS/Bypasser,only one
2475716.0,american-school-of-paris.teachable.com,,266,2,false,true,2,true,false,true,true,LMS/Bypasser,Aspiring,LMS/Bypasser,only one
2530090.0,probrand.teachable.com,,61,5,false,true,2,true,false,true,true,LMS/Bypasser,Aspiring,LMS/Bypasser,only one
458879.0,essentialoilherocourse.teachable.com,,158177,21,false,true,19,true,true,true,true,LMS/Bypasser,LMS/Bypasser,LMS/Bypasser,both
472428.0,boolean.teachable.com,,149412,7,false,true,5,true,true,true,true,LMS/Bypasser,LMS/Bypasser,LMS/Bypasser,both
967348.0,nmc-university.teachable.com,,2330,67,false,true,10,true,true,true,true,LMS/Bypasser,LMS/Bypasser,LMS/Bypasser,both
2025561.0,digitalnimarketing.digitalbee.me,,229,1,true,true,2,true,true,true,true,LMS/Bypasser,LMS/Bypasser,LMS/Bypasser,both
2460347.0,traveltrainingportal.teachable.com,,1214,2,false,false,3,true,true,true,false,Aspiring,LMS/Bypasser,LMS/Bypasser,only one
240516.0,chart-industries.teachable.com,,387,2,false,true,5,true,true,true,true,LMS/Bypasser,LMS/Bypasser,LMS/Bypasser,both
315966.0,hillsacademy.co.za,18405.0,6461,58,true,true,7,true,true,true,false,Aspiring,LMS/Bypasser,LMS/Bypasser,only one
682783.0,mwe-school-of-ministry.teachable.com,,121,22,false,true,2,true,true,true,false,Aspiring,LMS/Bypasser,LMS/Bypasser,only one
810296.0,documoto-academy.teachable.com,,213,13,false,true,5,true,true,true,false,Aspiring,LMS/Bypasser,LMS/Bypasser,only one
1543101.0,www.miwa-juku.com,,99,14,true,false,1,true,true,true,false,Aspiring,LMS/Bypasser,LMS/Bypasser,only one
2196983.0,leadership-in-diabetes-care.teachable.com,,154,1,false,true,1,true,false,true,true,LMS/Bypasser,Aspiring,LMS/Bypasser,only one
2409621.0,maxim-employee-portal1.teachable.com,,34,2,false,true,1,true,false,true,true,LMS/Bypasser,Aspiring,LMS/Bypasser,only one
2596911.0,kaylynn-esau-s-school.teachable.com,,820,2,false,true,2,true,false,true,true,LMS/Bypasser,Aspiring,LMS/Bypasser,only one
968429.0,mylimaveikla.teachable.com,,1790,31,false,false,4,true,true,true,true,LMS/Bypasser,LMS/Bypasser,LMS/Bypasser,both
2128109.0,academy.geomiq.com,,2753,5,true,true,5,true,true,true,false,Aspiring,LMS/Bypasser,LMS/Bypasser,only one
2612559.0,juan-berrio-s-school1.teachable.com,,401,1,false,true,1,true,false,true,true,LMS/Bypasser,Aspiring,LMS/Bypasser,only one
276984.0,rgvweightloss.teachable.com,,4673,2,false,false,3,true,true,true,false,Aspiring,LMS/Bypasser,LMS/Bypasser,only one
474982.0,couture-brows-academy.teachable.com,,1044,4,false,true,1,true,true,true,false,Aspiring,LMS/Bypasser,LMS/Bypasser,only one
920743.0,sao17.teachable.com,,872,60,false,true,7,true,true,true,true,LMS/Bypasser,LMS/Bypasser,LMS/Bypasser,both
1226867.0,flourish-africa-training-school.teachable.com,,2052,4,false,true,5,true,true,true,true,LMS/Bypasser,LMS/Bypasser,LMS/Bypasser,both
1368024.0,chromatechacademy.teachable.com,,366,12,false,true,4,true,true,true,true,LMS/Bypasser,LMS/Bypasser,LMS/Bypasser,both
1398855.0,pivotdatadesign.teachable.com,,956,4,false,true,7,true,true,true,true,LMS/Bypasser,LMS/Bypasser,LMS/Bypasser,both
2064088.0,teachable.instil.co,,240,5,true,true,2,true,false,true,true,LMS/Bypasser,Aspiring,LMS/Bypasser,only one
173144.0,e-learning.pinkturtle.nl,,2384,19,true,true,9,true,true,true,true,LMS/Bypasser,LMS/Bypasser,LMS/Bypasser,both
544531.0,bluetreeeducation.teachable.com,,800,25,false,false,4,true,true,true,true,LMS/Bypasser,LMS/Bypasser,LMS/Bypasser,both
551849.0,courses.ajoybasu.com,,80,2,true,true,1,true,true,true,false,Aspiring,LMS/Bypasser,LMS/Bypasser,only one
729229.0,solazacoache.teachable.com,,218,9,false,true,2,true,true,true,true,LMS/Bypasser,LMS/Bypasser,LMS/Bypasser,both
774617.0,forest-house-nurseries.teachable.com,,276,27,false,false,3,true,true,true,true,LMS/Bypasser,LMS/Bypasser,LMS/Bypasser,both
1029381.0,utfcteacherprofdev.teachable.com,,189,10,false,true,4,true,true,true,true,LMS/Bypasser,LMS/Bypasser,LMS/Bypasser,both
1199017.0,cfw.teachable.com,,354,3,false,true,1,true,false,true,true,LMS/Bypasser,Aspiring,LMS/Bypasser,only one
1560264.0,escuela.mettaser.co,,170,11,true,false,1,true,true,true,false,Aspiring,LMS/Bypasser,LMS/Bypasser,only one
1761437.0,altenaeducation.com,,146,4,true,true,4,true,true,true,true,LMS/Bypasser,LMS/Bypasser,LMS/Bypasser,both
2031508.0,fb-akademie.com,,147,11,true,true,10,true,false,true,true,LMS/Bypasser,Aspiring,LMS/Bypasser,only one
2083049.0,awareseries.teachable.com,,827,10,false,true,5,true,true,true,true,LMS/Bypasser,LMS/Bypasser,LMS/Bypasser,both
2099797.0,alta-scuola-di-formazione-del-diritto-penale-i.teachable.com,,65,4,false,true,1,true,false,true,true,LMS/Bypasser,Aspiring,LMS/Bypasser,only one
2523953.0,academy.workerbase.com,,1167,5,true,true,5,true,true,true,true,LMS/Bypasser,LMS/Bypasser,LMS/Bypasser,both
119231.0,academy.eezytrace.com,,932,9,true,true,5,true,true,true,false,Aspiring,LMS/Bypasser,LMS/Bypasser,only one
1161259.0,cursos-clever-finance.teachable.com,,3667,110,false,false,10,true,true,true,true,LMS/Bypasser,LMS/Bypasser,LMS/Bypasser,both
1195784.0,factor-h-academy.teachable.com,,1338,103,false,true,4,true,true,true,true,LMS/Bypasser,LMS/Bypasser,LMS/Bypasser,both
416491.0,campus.roccoeducation.com,,447,48,true,true,1,true,true,true,true,LMS/Bypasser,LMS/Bypasser,LMS/Bypasser,both
472677.0,heirloomcomputing.teachable.com,,1169,2,false,true,4,true,true,true,true,LMS/Bypasser,LMS/Bypasser,LMS/Bypasser,both
676004.0,universidadvidaequilibrio.teachable.com,,436,22,false,true,2,true,true,true,true,LMS/Bypasser,LMS/Bypasser,LMS/Bypasser,both
692438.0,lanigan-ryan-malcolm-doyle-pc.teachable.com,,129,8,false,true,1,true,true,true,true,LMS/Bypasser,LMS/Bypasser,LMS/Bypasser,both
904387.0,dauby-academy.teachable.com,,241,5,false,true,5,true,true,true,true,LMS/Bypasser,LMS/Bypasser,LMS/Bypasser,both
1036288.0,kc-family.teachable.com,,323,2,false,true,1,true,true,true,true,LMS/Bypasser,LMS/Bypasser,LMS/Bypasser,both
1472825.0,hohmannandbarnard.teachable.com,,35,7,false,true,1,true,true,true,false,Aspiring,LMS/Bypasser,LMS/Bypasser,only one
1558084.0,phil-stodola-s-school.teachable.com,,64,1,false,true,1,true,true,true,false,Aspiring,LMS/Bypasser,LMS/Bypasser,only one
1703979.0,omnompatisserie.teachable.com,,65,6,false,true,1,true,false,true,true,LMS/Bypasser,Aspiring,LMS/Bypasser,only one
1929077.0,learn.diybycics.com,,2215,4,true,true,1,true,true,true,true,LMS/Bypasser,LMS/Bypasser,LMS/Bypasser,both
2466237.0,24etar.online,,2173,6,true,true,2,true,false,true,true,LMS/Bypasser,Aspiring,LMS/Bypasser,only one
2625496.0,training.idsparkng.com,,6115,4,true,true,2,true,true,true,true,LMS/Bypasser,LMS/Bypasser,LMS/Bypasser,both
2632959.0,metaversity-s-school.teachable.com,,3470,5,false,true,1,true,false,true,true,LMS/Bypasser,Aspiring,LMS/Bypasser,only one
2675485.0,mariah-s-school47.teachable.com,,108,1,false,true,1,true,true,true,false,Aspiring,LMS/Bypasser,LMS/Bypasser,only one
439778.0,learn.3manager.com,,987,1,true,true,1,true,true,true,false,Aspiring,LMS/Bypasser,LMS/Bypasser,only one
25010.0,training-hub.teachable.com,,1150,47,false,true,11,true,true,true,false,Aspiring,LMS/Bypasser,LMS/Bypasser,only one
343339.0,ims-cv.teachable.com,,868,40,false,true,9,true,true,true,true,LMS/Bypasser,LMS/Bypasser,LMS/Bypasser,both
408171.0,trinitybaptistchurch.teachable.com,,61,1,false,true,1,true,true,true,false,Aspiring,LMS/Bypasser,LMS/Bypasser,only one
474138.0,dokter-doug-s-radiology-physics.teachable.com,,79,3,false,false,7,true,false,true,true,LMS/Bypasser,Aspiring,LMS/Bypasser,only one
868602.0,math-coffee-tuition.teachable.com,,441,179,false,true,6,true,true,true,true,LMS/Bypasser,LMS/Bypasser,LMS/Bypasser,both
1695945.0,krystle-mcdonald-s-school.teachable.com,,263,5,false,true,1,true,true,true,true,LMS/Bypasser,LMS/Bypasser,LMS/Bypasser,both
1983111.0,chiara-social-academy.teachable.com,,99,1,false,true,1,true,true,true,true,LMS/Bypasser,LMS/Bypasser,LMS/Bypasser,both
173539.0,strategic-performance-academy.teachable.com,,1519,16,false,true,8,true,true,true,true,LMS/Bypasser,LMS/Bypasser,LMS/Bypasser,both
518158.0,lissarankinmd.com,,6413,51,true,false,4,true,true,true,true,LMS/Bypasser,LMS/Bypasser,LMS/Bypasser,both
2419510.0,beast-s-school.teachable.com,,654,13,false,false,5,true,true,true,true,LMS/Bypasser,LMS/Bypasser,LMS/Bypasser,both
2420176.0,violettapugh.teachable.com,,2018,4,false,false,3,true,true,true,true,LMS/Bypasser,LMS/Bypasser,LMS/Bypasser,both
518138.0,aitiysliikunta-akatemia.teachable.com,,1931,68,false,true,4,true,true,true,true,LMS/Bypasser,LMS/Bypasser,LMS/Bypasser,both
541736.0,schoolofhealingprayer.teachable.com,,1502,79,false,true,6,true,true,true,true,LMS/Bypasser,LMS/Bypasser,LMS/Bypasser,both
631091.0,sogalacademy.teachable.com,,3470,1,false,true,2,true,false,true,true,LMS/Bypasser,Aspiring,LMS/Bypasser,only one
725049.0,academy.creliohealth.com,,4383,28,true,true,10,true,false,true,true,LMS/Bypasser,Aspiring,LMS/Bypasser,only one
733068.0,phcbi.teachable.com,,454,16,false,true,1,true,true,true,true,LMS/Bypasser,LMS/Bypasser,LMS/Bypasser,both
1120678.0,unique-voice.teachable.com,,555,12,false,true,6,true,true,true,true,LMS/Bypasser,LMS/Bypasser,LMS/Bypasser,both
1213698.0,pomnj.teachable.com,,73,3,false,true,1,true,true,true,false,Aspiring,LMS/Bypasser,LMS/Bypasser,only one
1219258.0,fengchaschool.teachable.com,,186,22,false,true,5,true,true,true,true,LMS/Bypasser,LMS/Bypasser,LMS/Bypasser,both
1612158.0,theproximitypro.teachable.com,,195,8,false,true,2,true,false,true,true,LMS/Bypasser,Aspiring,LMS/Bypasser,only one
1626533.0,create-heart-work.teachable.com,,3472,2,false,true,1,true,true,true,false,Aspiring,LMS/Bypasser,LMS/Bypasser,only one
1652711.0,chjl-s-school.teachable.com,,86,2,false,true,3,true,true,true,true,LMS/Bypasser,LMS/Bypasser,LMS/Bypasser,both
141065.0,courses.elizabethgoddard.co.uk,,34666,127,true,true,5,true,true,true,true,LMS/Bypasser,LMS/Bypasser,LMS/Bypasser,both
1017789.0,mh-therapist-university.teachable.com,,3977,45,false,true,22,true,true,true,true,LMS/Bypasser,LMS/Bypasser,LMS/Bypasser,both
921697.0,the-cra-academy.teachable.com,,580,34,false,true,7,true,true,true,true,LMS/Bypasser,LMS/Bypasser,LMS/Bypasser,both
1327379.0,masters-of-reality.teachable.com,,57,33,false,true,1,true,false,true,true,LMS/Bypasser,Aspiring,LMS/Bypasser,only one
1670745.0,stefanie-huber-s-school.teachable.com,,38,2,false,true,4,true,true,true,false,Aspiring,LMS/Bypasser,LMS/Bypasser,only one
441685.0,academy.grigliareduro.com,,4189,9,true,false,6,true,true,true,true,LMS/Bypasser,LMS/Bypasser,LMS/Bypasser,both
1151801.0,minekeskinacademy.teachable.com,,1114,20,false,true,4,true,true,true,true,LMS/Bypasser,LMS/Bypasser,LMS/Bypasser,both
1175761.0,martel.teachable.com,,10371,21,false,true,30,true,true,true,true,LMS/Bypasser,LMS/Bypasser,LMS/Bypasser,both
112564.0,courses.executivefunctioningsuccess.com,,3119,65,true,true,7,true,true,true,true,LMS/Bypasser,LMS/Bypasser,LMS/Bypasser,both
320396.0,carsync.teachable.com,,1398,17,false,false,10,true,true,true,true,LMS/Bypasser,LMS/Bypasser,LMS/Bypasser,both
588630.0,lakesideacademy.teachable.com,,211,6,false,true,2,true,false,true,true,LMS/Bypasser,Aspiring,LMS/Bypasser,only one
759717.0,unep-methane-energy-sector.teachable.com,,3635,32,false,true,9,true,true,true,true,LMS/Bypasser,LMS/Bypasser,LMS/Bypasser,both
1056087.0,thefitzgroup.teachable.com,,1936,3,false,true,2,true,true,true,false,Aspiring,LMS/Bypasser,LMS/Bypasser,only one
1127801.0,yupix.teachable.com,,103,3,false,true,5,true,false,true,true,LMS/Bypasser,Aspiring,LMS/Bypasser,only one
2158055.0,sandersreuniversity.teachable.com,,635,5,false,true,2,true,true,true,true,LMS/Bypasser,LMS/Bypasser,LMS/Bypasser,both
2167287.0,zachary-strebeck-s-school.teachable.com,,34,2,false,true,1,true,false,true,true,LMS/Bypasser,Aspiring,LMS/Bypasser,only one
143877.0,kurse.kosmos-campus.de,,19606,73,true,true,10,true,true,true,true,LMS/Bypasser,LMS/Bypasser,LMS/Bypasser,both
1064270.0,education.altium.com,,77470,11,true,true,24,true,true,true,true,LMS/Bypasser,LMS/Bypasser,LMS/Bypasser,both
1291424.0,classes.letsgetartsy.com,,104377,147,true,true,28,true,true,true,true,LMS/Bypasser,LMS/Bypasser,LMS/Bypasser,both
1477191.0,ivory-tree-training.teachable.com,,25,3,false,true,3,true,true,true,false,Aspiring,LMS/Bypasser,LMS/Bypasser,only one
2255553.0,pluriell.teachable.com,,360,3,false,true,1,true,true,true,true,LMS/Bypasser,LMS/Bypasser,LMS/Bypasser,both
106924.0,lacma.teachable.com,,5348,14,false,true,1,true,true,true,false,Aspiring,LMS/Bypasser,LMS/Bypasser,only one
904312.0,vab-rijschool1.teachable.com,,2644,80,false,true,7,true,true,true,true,LMS/Bypasser,LMS/Bypasser,LMS/Bypasser,both
1118879.0,general-dental-residency.teachable.com,,556,22,false,true,4,true,false,true,true,LMS/Bypasser,Aspiring,LMS/Bypasser,only one
2014042.0,cierralaventaa.com,,327,6,true,false,1,true,true,true,true,LMS/Bypasser,LMS/Bypasser,LMS/Bypasser,both
777929.0,malacca-securities.teachable.com,,801,11,false,true,3,true,true,true,true,LMS/Bypasser,LMS/Bypasser,LMS/Bypasser,both
913719.0,acorientations.teachable.com,,4667,145,false,false,6,true,true,true,true,LMS/Bypasser,LMS/Bypasser,LMS/Bypasser,both
1479814.0,heartland-realty-school.teachable.com,,117,3,false,true,2,true,true,true,false,Aspiring,LMS/Bypasser,LMS/Bypasser,only one
2093578.0,cherrytechnologies.teachable.com,,639,8,false,true,5,true,true,true,true,LMS/Bypasser,LMS/Bypasser,LMS/Bypasser,both
2124685.0,jodie-knight-s-school.teachable.com,,238,51,false,true,1,true,true,true,false,Aspiring,LMS/Bypasser,LMS/Bypasser,only one
2341109.0,lift.luchala.org,,104,4,true,true,2,true,true,true,true,LMS/Bypasser,LMS/Bypasser,LMS/Bypasser,both
2355247.0,nikky-nicole-adams-worrell-s-school.teachable.com,,43,11,false,true,1,true,false,true,true,LMS/Bypasser,Aspiring,LMS/Bypasser,only one
420779.0,practical-mathematics.academy,,119,11,true,true,1,true,true,true,false,Aspiring,LMS/Bypasser,LMS/Bypasser,only one
143847.0,rocktape-online.teachable.com,,2331,2,false,true,2,true,true,true,false,Aspiring,LMS/Bypasser,LMS/Bypasser,only one
626915.0,onetraining.teachable.com,,56083,221,false,true,6,true,true,true,true,LMS/Bypasser,LMS/Bypasser,LMS/Bypasser,both
691901.0,cego.teachable.com,,557,32,false,true,2,true,true,true,true,LMS/Bypasser,LMS/Bypasser,LMS/Bypasser,both
776456.0,episcopal-education.teachable.com,,423,7,false,true,5,true,true,true,true,LMS/Bypasser,LMS/Bypasser,LMS/Bypasser,both
982740.0,sral-the-conservation-institute.teachable.com,,176,4,false,true,6,true,true,true,true,LMS/Bypasser,LMS/Bypasser,LMS/Bypasser,both
1099929.0,employee-training-program.teachable.com,,52,1,false,true,5,true,true,true,false,Aspiring,LMS/Bypasser,LMS/Bypasser,only one
1293505.0,real-estate-agents-with-purpose.teachable.com,,99,5,false,true,1,true,true,true,true,LMS/Bypasser,LMS/Bypasser,LMS/Bypasser,both
1737103.0,vanessa-lapoint-s-school.teachable.com,,33,1,false,true,1,true,false,true,true,LMS/Bypasser,Aspiring,LMS/Bypasser,only one
1753663.0,fcgapollworkers.teachable.com,,1091,2,false,true,7,true,true,true,true,LMS/Bypasser,LMS/Bypasser,LMS/Bypasser,both
1933391.0,gracefederalsolutionsonlinetraining.teachable.com,,242,2,false,true,2,true,true,true,false,Aspiring,LMS/Bypasser,LMS/Bypasser,only one
2227357.0,innovazioni-web.com,,823,2,true,false,1,true,true,true,false,Aspiring,LMS/Bypasser,LMS/Bypasser,only one
2673024.0,asquareforeducation.teachable.com,,27,1,false,true,1,true,false,true,true,LMS/Bypasser,Aspiring,LMS/Bypasser,only one
2689150.0,the-powell-group.teachable.com,,89,1,false,true,4,true,false,true,true,LMS/Bypasser,Aspiring,LMS/Bypasser,only one
2177399.0,myndmea.com,17247.0,103,3,true,true,1,true,true,true,true,LMS/Bypasser,LMS/Bypasser,LMS/Bypasser,both
165747.0,judgment-collections.teachable.com,,68,3,false,true,1,true,true,true,false,Aspiring,LMS/Bypasser,LMS/Bypasser,only one
273675.0,elearning.redapis.cl,,7502,178,true,true,17,true,true,true,true,LMS/Bypasser,LMS/Bypasser,LMS/Bypasser,both
546210.0,zingtrain-academy.teachable.com,,311,9,false,true,7,true,false,true,true,LMS/Bypasser,Aspiring,LMS/Bypasser,only one
639197.0,safe-harbor-behavioral-care.teachable.com,,1154,33,false,true,7,true,true,true,true,LMS/Bypasser,LMS/Bypasser,LMS/Bypasser,both
673743.0,training.carmenta.com,,329,2,true,true,6,true,true,true,false,Aspiring,LMS/Bypasser,LMS/Bypasser,only one
767603.0,maintainx-u.teachable.com,,14148,10,false,true,2,true,true,true,false,Aspiring,LMS/Bypasser,LMS/Bypasser,only one
1883873.0,knowledgebox.academy,,222,6,true,true,6,true,true,true,true,LMS/Bypasser,LMS/Bypasser,LMS/Bypasser,both
2192747.0,newmoney.teachable.com,,780,20,false,false,3,true,true,true,true,LMS/Bypasser,LMS/Bypasser,LMS/Bypasser,both
1661418.0,ticky-yoga-s-school.teachable.com,,474,6,false,true,1,true,true,true,true,LMS/Bypasser,LMS/Bypasser,LMS/Bypasser,both
2472800.0,guardian-community-s-school.teachable.com,,450,3,false,true,1,true,true,true,true,LMS/Bypasser,LMS/Bypasser,LMS/Bypasser,both
2569062.0,robert-mauceri-s-school.teachable.com,,34,1,false,false,3,true,false,true,true,LMS/Bypasser,Aspiring,LMS/Bypasser,only one
229160.0,quickpass.teachable.com,,2806,133,false,true,6,true,true,true,true,LMS/Bypasser,LMS/Bypasser,LMS/Bypasser,both
404134.0,nyocfs-healthy-u-online.teachable.com,,2248,14,false,false,10,true,true,true,true,LMS/Bypasser,LMS/Bypasser,LMS/Bypasser,both
499616.0,combspremier.teachable.com,,222,14,false,false,7,true,true,true,true,LMS/Bypasser,LMS/Bypasser,LMS/Bypasser,both
632759.0,e-stateplanner.teachable.com,,2588,2,false,true,11,true,true,true,true,LMS/Bypasser,LMS/Bypasser,LMS/Bypasser,both
989873.0,tnc-sports-program.teachable.com,,67,3,false,true,1,true,true,true,false,Aspiring,LMS/Bypasser,LMS/Bypasser,only one
1480446.0,sfrta-s-school.teachable.com,,217,2,false,true,1,true,true,true,true,LMS/Bypasser,LMS/Bypasser,LMS/Bypasser,both
1765036.0,courses.organizedchaos.fyi,,81,1,true,true,1,true,true,true,true,LMS/Bypasser,LMS/Bypasser,LMS/Bypasser,both
1839525.0,breakaway-academy.teachable.com,,142,8,false,true,1,true,false,true,true,LMS/Bypasser,Aspiring,LMS/Bypasser,only one
2143684.0,course.daymondjohnonline.com,,855,7,true,true,3,true,false,true,true,LMS/Bypasser,Aspiring,LMS/Bypasser,only one
2292087.0,followmysteps.teachable.com,,87,4,false,true,5,true,false,true,true,LMS/Bypasser,Aspiring,LMS/Bypasser,only one
2587459.0,offsider-media-lab.teachable.com,,68,1,false,true,1,true,false,true,true,LMS/Bypasser,Aspiring,LMS/Bypasser,only one
731983.0,techworld-with-nana.teachable.com,,9473,11,false,true,8,true,true,true,true,LMS/Bypasser,LMS/Bypasser,LMS/Bypasser,both
175019.0,courses.farmownersacademy.com,,2017,91,true,true,7,true,true,true,true,LMS/Bypasser,LMS/Bypasser,LMS/Bypasser,both
586220.0,bethel.teachable.com,,531,15,false,true,2,true,true,true,true,LMS/Bypasser,LMS/Bypasser,LMS/Bypasser,both
1054113.0,hm-traderx.teachable.com,,1681,10,false,false,4,true,true,true,true,LMS/Bypasser,LMS/Bypasser,LMS/Bypasser,both
1281025.0,thinkdatasol.teachable.com,,29,6,false,true,8,true,true,true,true,LMS/Bypasser,LMS/Bypasser,LMS/Bypasser,both
2110864.0,annwebbskininstitute.teachable.com,,298,2,false,true,3,true,true,true,false,Aspiring,LMS/Bypasser,LMS/Bypasser,only one
1271174.0,beerstecher.teachable.com,,54,13,false,true,3,true,true,true,false,Aspiring,LMS/Bypasser,LMS/Bypasser,only one
1424630.0,strategygeneration.teachable.com,,49,2,false,true,2,true,false,true,true,LMS/Bypasser,Aspiring,LMS/Bypasser,only one
169241.0,asvabmasters.teachable.com,,10085,13,false,true,5,true,true,true,true,LMS/Bypasser,LMS/Bypasser,LMS/Bypasser,both
2000116.0,rrccboard.teachable.com,,127,3,false,true,1,true,true,true,true,LMS/Bypasser,LMS/Bypasser,LMS/Bypasser,both
2070002.0,ad-astra-institute.teachable.com,,85,9,false,true,1,true,true,true,false,Aspiring,LMS/Bypasser,LMS/Bypasser,only one
2633575.0,mckenzie-arnold-group-ltd-s-school1.teachable.com,,255,5,false,true,3,true,false,true,true,LMS/Bypasser,Aspiring,LMS/Bypasser,only one
120711.0,the-women-s-business-school.teachable.com,,118,3,false,true,2,true,false,true,true,LMS/Bypasser,Aspiring,LMS/Bypasser,only one
431667.0,howe.teachable.com,,1504,46,false,false,6,true,true,true,true,LMS/Bypasser,LMS/Bypasser,LMS/Bypasser,both
1079898.0,runrun314.com,,32,3,true,false,4,true,true,true,false,Aspiring,LMS/Bypasser,LMS/Bypasser,only one
1235457.0,fasila.teachable.com,,103,2,false,true,1,true,false,true,true,LMS/Bypasser,Aspiring,LMS/Bypasser,only one
1292094.0,nicolas-boucher.teachable.com,,3972,10,false,false,6,true,true,true,true,LMS/Bypasser,LMS/Bypasser,LMS/Bypasser,both
1750832.0,jamie-coleman-s-school1.teachable.com,,1506,9,false,true,4,true,true,true,true,LMS/Bypasser,LMS/Bypasser,LMS/Bypasser,both
1991782.0,joseph-harmon-s-school.teachable.com,,98,17,false,true,6,true,false,true,true,LMS/Bypasser,Aspiring,LMS/Bypasser,only one
2543376.0,fitfam-academy-s-school.teachable.com,,68,6,false,true,1,true,true,true,true,LMS/Bypasser,LMS/Bypasser,LMS/Bypasser,both
311059.0,ats-hybrid.com,,1029,47,true,true,18,true,true,true,true,LMS/Bypasser,LMS/Bypasser,LMS/Bypasser,both
597028.0,developer-akademie.teachable.com,,5501,73,false,true,6,true,true,true,true,LMS/Bypasser,LMS/Bypasser,LMS/Bypasser,both
2115651.0,school.collegeprepgenius.com,,2435,74,true,true,11,true,true,true,true,LMS/Bypasser,LMS/Bypasser,LMS/Bypasser,both
2198222.0,academy.cpsctrade.ca,,50,1,true,true,1,true,false,true,true,LMS/Bypasser,Aspiring,LMS/Bypasser,only one
252128.0,www.firstacademies.com,,84,5,true,false,2,true,true,true,false,Aspiring,LMS/Bypasser,LMS/Bypasser,only one
368634.0,university.myotandme.com,,7846,117,true,false,5,true,true,true,true,LMS/Bypasser,LMS/Bypasser,LMS/Bypasser,both
574343.0,duffy-quiropractica.teachable.com,,1601,7,false,true,2,true,true,true,true,LMS/Bypasser,LMS/Bypasser,LMS/Bypasser,both
595201.0,hg-equip.teachable.com,,11829,63,false,true,6,true,true,true,true,LMS/Bypasser,LMS/Bypasser,LMS/Bypasser,both
866558.0,mindfulness-center-of-atlanta.teachable.com,,75,1,false,true,1,true,true,true,false,Aspiring,LMS/Bypasser,LMS/Bypasser,only one
937275.0,nutrition-training.teachable.com,,3451,11,false,true,9,true,true,true,true,LMS/Bypasser,LMS/Bypasser,LMS/Bypasser,both
1160875.0,navinechhuon.teachable.com,,32,1,false,true,1,true,true,true,true,LMS/Bypasser,LMS/Bypasser,LMS/Bypasser,both
1193832.0,twr.teachable.com,,499,3,false,true,2,true,false,true,true,LMS/Bypasser,Aspiring,LMS/Bypasser,only one
1195604.0,svc-authentic.teachable.com,,159,4,false,true,1,true,true,true,false,Aspiring,LMS/Bypasser,LMS/Bypasser,only one
1692972.0,skillstraining.teachable.com,,359,2,false,true,6,true,true,true,true,LMS/Bypasser,LMS/Bypasser,LMS/Bypasser,both
1957782.0,mark-rogers-s-school1.teachable.com,,111,1,false,false,3,true,true,true,true,LMS/Bypasser,LMS/Bypasser,LMS/Bypasser,both
2390741.0,online.john.vn,,337,3,true,true,3,true,true,true,true,LMS/Bypasser,LMS/Bypasser,LMS/Bypasser,both
420671.0,midmar-capital-llp.teachable.com,,155,123,false,true,6,true,true,true,true,LMS/Bypasser,LMS/Bypasser,LMS/Bypasser,both
547720.0,mhu.modernhealth.com,,1110,58,true,true,12,true,true,true,true,LMS/Bypasser,LMS/Bypasser,LMS/Bypasser,both
786258.0,nam-i-andlegri-einkathjalfun.teachable.com,,186,80,false,true,1,true,true,true,true,LMS/Bypasser,LMS/Bypasser,LMS/Bypasser,both
1257683.0,awomansplace.teachable.com,,154,2,false,true,11,true,true,true,false,Aspiring,LMS/Bypasser,LMS/Bypasser,only one
118220.0,courses.theoasisinitiative.org,,2588,18,true,true,6,true,true,true,true,LMS/Bypasser,LMS/Bypasser,LMS/Bypasser,both
286166.0,bodyandsoul.teachable.com,,285,18,false,false,4,true,true,true,false,Aspiring,LMS/Bypasser,LMS/Bypasser,only one
302749.0,suresh-chellam.teachable.com,,1225,83,false,true,1,true,true,true,true,LMS/Bypasser,LMS/Bypasser,LMS/Bypasser,both
432736.0,walkingtree.teachable.com,,157,22,false,true,1,true,true,true,true,LMS/Bypasser,LMS/Bypasser,LMS/Bypasser,both
449036.0,valor-persona.teachable.com,,1181,18,false,true,7,true,true,true,true,LMS/Bypasser,LMS/Bypasser,LMS/Bypasser,both
764013.0,5figuremonths.teachable.com,,78,3,false,true,1,true,true,true,false,Aspiring,LMS/Bypasser,LMS/Bypasser,only one
825551.0,advanced-cosmetic-academy.teachable.com,,339,6,false,false,8,true,true,true,false,Aspiring,LMS/Bypasser,LMS/Bypasser,only one
1071850.0,nexosacademy.teachable.com,,1658,17,false,false,5,true,true,true,true,LMS/Bypasser,LMS/Bypasser,LMS/Bypasser,both
2081452.0,hari-om-s-school2.teachable.com,,1212,16,false,true,3,true,true,true,true,LMS/Bypasser,LMS/Bypasser,LMS/Bypasser,both
2571460.0,revenue-digital-s-school.teachable.com,,85,5,false,true,1,true,false,true,true,LMS/Bypasser,Aspiring,LMS/Bypasser,only one
264925.0,oilmagic.teachable.com,,11272,8,false,true,1,true,true,true,true,LMS/Bypasser,LMS/Bypasser,LMS/Bypasser,both
933923.0,marisacorcorancopy.teachable.com,,1944,19,false,true,1,true,true,true,true,LMS/Bypasser,LMS/Bypasser,LMS/Bypasser,both
2285173.0,ebhacademy.teachable.com,,89,8,false,true,1,true,false,true,true,LMS/Bypasser,Aspiring,LMS/Bypasser,only one
205673.0,airbrushonlineschool.com,,363,5,true,true,5,true,true,true,true,LMS/Bypasser,LMS/Bypasser,LMS/Bypasser,both
365101.0,lashessential.teachable.com,,263,8,false,true,2,true,false,true,true,LMS/Bypasser,Aspiring,LMS/Bypasser,only one
411572.0,courses.asdec.org,,2021,22,true,true,21,true,true,true,true,LMS/Bypasser,LMS/Bypasser,LMS/Bypasser,both
1159628.0,courses.enhance.training,,75,9,true,true,2,true,false,true,true,LMS/Bypasser,Aspiring,LMS/Bypasser,only one
1233675.0,the-cortina-method1.teachable.com,,194,17,false,true,1,true,true,true,true,LMS/Bypasser,LMS/Bypasser,LMS/Bypasser,both
1254880.0,mobilecomputingschool.teachable.com,,421,18,false,true,5,true,true,true,true,LMS/Bypasser,LMS/Bypasser,LMS/Bypasser,both
925995.0,www.abuzeidacademy.online,,17255,244,true,false,27,true,true,true,true,LMS/Bypasser,LMS/Bypasser,LMS/Bypasser,both
1080989.0,school-of-rockbox.teachable.com,,106,1,false,true,1,true,true,true,false,Aspiring,LMS/Bypasser,LMS/Bypasser,only one
1241206.0,tzgems.igc.today,,148,21,true,false,3,true,true,true,false,Aspiring,LMS/Bypasser,LMS/Bypasser,only one
1431117.0,courses.energymartialarts.com,,130,3,true,true,3,true,true,true,true,LMS/Bypasser,LMS/Bypasser,LMS/Bypasser,both
1520155.0,scott-rotton-s-school.teachable.com,,2097,5,false,true,3,true,true,true,true,LMS/Bypasser,LMS/Bypasser,LMS/Bypasser,both
1818199.0,mftraining.teachable.com,,79,4,false,true,10,true,true,true,true,LMS/Bypasser,LMS/Bypasser,LMS/Bypasser,both
204828.0,kidsportsondemand.teachable.com,,55,3,false,true,2,true,true,true,false,Aspiring,LMS/Bypasser,LMS/Bypasser,only one
243222.0,mathmanacademy.com,1653.0,7066,294,true,false,1,true,true,true,true,LMS/Bypasser,LMS/Bypasser,LMS/Bypasser,both
246311.0,cision.teachable.com,,3673,14,false,true,9,true,true,true,true,LMS/Bypasser,LMS/Bypasser,LMS/Bypasser,both
317868.0,bridge-the-love.teachable.com,,116,9,false,true,1,true,true,true,true,LMS/Bypasser,LMS/Bypasser,LMS/Bypasser,both
739353.0,hr-beyond-trainingcenter.teachable.com,,200,7,false,true,2,true,true,true,false,Aspiring,LMS/Bypasser,LMS/Bypasser,only one
1288908.0,samacoaching-school.teachable.com,,213,1,false,true,1,true,true,true,true,LMS/Bypasser,LMS/Bypasser,LMS/Bypasser,both
1464474.0,ready-set-push-inc-lamaze-childbirth-classes.teachable.com,,16,1,false,true,1,true,true,true,false,Aspiring,LMS/Bypasser,LMS/Bypasser,only one
1543074.0,whitelilycouture.teachable.com,,49,6,false,true,1,true,true,true,false,Aspiring,LMS/Bypasser,LMS/Bypasser,only one
1598921.0,darrell-moon-s-school.teachable.com,,61,1,false,true,1,true,true,true,false,Aspiring,LMS/Bypasser,LMS/Bypasser,only one
2200530.0,ekbal-adawi-s-school.teachable.com,,58,1,false,true,1,true,false,true,true,LMS/Bypasser,Aspiring,LMS/Bypasser,only one
2676971.0,kevinsteachings.com,,77,4,true,true,1,true,true,true,true,LMS/Bypasser,LMS/Bypasser,LMS/Bypasser,both
1310170.0,coordinacion-academica-s-school.teachable.com,,1111382,200,false,true,3,true,true,true,true,LMS/Bypasser,LMS/Bypasser,LMS/Bypasser,both
2364088.0,store.younesschool.com,,6371,61,true,true,5,true,true,true,true,LMS/Bypasser,LMS/Bypasser,LMS/Bypasser,both
126419.0,www.elearning-metanesis.com,,2642,124,true,true,5,true,true,true,true,LMS/Bypasser,LMS/Bypasser,LMS/Bypasser,both
248314.0,pacificrimathletics.teachable.com,,266,28,false,true,4,true,true,true,true,LMS/Bypasser,LMS/Bypasser,LMS/Bypasser,both
784129.0,ramyspa-academy.teachable.com,,332,5,false,true,1,true,true,true,false,Aspiring,LMS/Bypasser,LMS/Bypasser,only one
1028252.0,leaping-frog-academy.teachable.com,,2706,9,false,true,6,true,true,true,true,LMS/Bypasser,LMS/Bypasser,LMS/Bypasser,both
1461171.0,ortigas-land-sales-training-development-s-scho.teachable.com,,4398,3,false,true,5,true,true,true,true,LMS/Bypasser,LMS/Bypasser,LMS/Bypasser,both
2156590.0,codebillion-s-school.teachable.com,,61,4,false,true,1,true,false,true,true,LMS/Bypasser,Aspiring,LMS/Bypasser,only one
2215154.0,kate-borsato-s-school.teachable.com,,543,8,false,true,2,true,false,true,true,LMS/Bypasser,Aspiring,LMS/Bypasser,only one
1499609.0,komuso-design.teachable.com,,20880,9,false,true,2,true,true,true,true,LMS/Bypasser,LMS/Bypasser,LMS/Bypasser,both
324404.0,optness.teachable.com,,536,14,false,true,1,true,true,true,true,LMS/Bypasser,LMS/Bypasser,LMS/Bypasser,both
528248.0,indoorrestore.teachable.com,,113,6,false,true,2,true,true,true,false,Aspiring,LMS/Bypasser,LMS/Bypasser,only one
750592.0,bravestartsschool.teachable.com,,90,2,false,false,6,true,true,true,false,Aspiring,LMS/Bypasser,LMS/Bypasser,only one
860016.0,rasaeducation.teachable.com,,564,19,false,true,6,true,true,true,true,LMS/Bypasser,LMS/Bypasser,LMS/Bypasser,both
1052436.0,dgiuniversity.teachable.com,,232,48,false,true,6,true,true,true,true,LMS/Bypasser,LMS/Bypasser,LMS/Bypasser,both
1055309.0,mstauk.teachable.com,,946,13,false,true,6,true,true,true,true,LMS/Bypasser,LMS/Bypasser,LMS/Bypasser,both
1125114.0,classes.itsgoodmaterial.com,,321,98,true,false,2,true,false,true,true,LMS/Bypasser,Aspiring,LMS/Bypasser,only one
1423183.0,empowered-martial-arts-jiu-jitsu-university.teachable.com,,251,1,false,true,1,true,true,true,false,Aspiring,LMS/Bypasser,LMS/Bypasser,only one
1429741.0,tara-s-school40.teachable.com,,107,4,false,true,2,true,true,true,true,LMS/Bypasser,LMS/Bypasser,LMS/Bypasser,both
1635923.0,athey-creek-production.teachable.com,,165,9,false,true,2,true,false,true,true,LMS/Bypasser,Aspiring,LMS/Bypasser,only one
2045821.0,player-development-index-s-school.teachable.com,,863,2,false,true,7,true,false,true,true,LMS/Bypasser,Aspiring,LMS/Bypasser,only one
2071423.0,ryley-s-school.teachable.com,,2705,4,false,false,8,true,true,true,true,LMS/Bypasser,LMS/Bypasser,LMS/Bypasser,both
268489.0,smarttsxl.teachable.com,,437,6,false,true,6,true,true,true,true,LMS/Bypasser,LMS/Bypasser,LMS/Bypasser,both
1691864.0,andrea-solorio-s-school.teachable.com,,6751,75,false,false,3,true,true,true,true,LMS/Bypasser,LMS/Bypasser,LMS/Bypasser,both
427006.0,athento.teachable.com,,1177,25,false,true,6,true,true,true,true,LMS/Bypasser,LMS/Bypasser,LMS/Bypasser,both
1365784.0,pijnprofessionals.teachable.com,,241,4,false,true,4,true,true,true,false,Aspiring,LMS/Bypasser,LMS/Bypasser,only one
1940243.0,courses.beautebodysunless.com,,192,2,true,false,1,true,true,true,true,LMS/Bypasser,LMS/Bypasser,LMS/Bypasser,both
2078830.0,goal-b-s-school.teachable.com,,2012,1,false,true,7,true,true,true,true,LMS/Bypasser,LMS/Bypasser,LMS/Bypasser,both
339176.0,joannavargas.teachable.com,,259,36,false,true,9,true,true,true,false,Aspiring,LMS/Bypasser,LMS/Bypasser,only one
360012.0,perfectpractice.teachable.com,,316,24,false,true,4,true,true,true,false,Aspiring,LMS/Bypasser,LMS/Bypasser,only one
403301.0,clinical-pastoral-education.teachable.com,,203,17,false,true,10,true,true,true,false,Aspiring,LMS/Bypasser,LMS/Bypasser,only one
561051.0,school-of-supernatural-life.teachable.com,,257,14,false,true,2,true,true,true,true,LMS/Bypasser,LMS/Bypasser,LMS/Bypasser,both
762431.0,learn.aridhia.com,,467,10,true,true,6,true,true,true,false,Aspiring,LMS/Bypasser,LMS/Bypasser,only one
1080602.0,african-family-services.teachable.com,,33,1,false,true,4,true,false,true,true,LMS/Bypasser,Aspiring,LMS/Bypasser,only one
1618007.0,youtube-automation-0.teachable.com,,351,6,false,false,5,true,true,true,false,Aspiring,LMS/Bypasser,LMS/Bypasser,only one
201636.0,sell-like-a-mutha.teachable.com,,1017,29,false,true,2,true,true,true,true,LMS/Bypasser,LMS/Bypasser,LMS/Bypasser,both
356224.0,eliteleadershipacademy.teachable.com,,323,5,false,true,10,true,true,true,true,LMS/Bypasser,LMS/Bypasser,LMS/Bypasser,both
579928.0,www.disruptia.com.co,,5452,37,true,true,7,true,true,true,true,LMS/Bypasser,LMS/Bypasser,LMS/Bypasser,both
627470.0,tk-school.acca-japan.com,,1648,115,true,false,2,true,true,true,true,LMS/Bypasser,LMS/Bypasser,LMS/Bypasser,both
866305.0,centre-for-aviation-psychology.teachable.com,,555,4,false,true,4,true,true,true,true,LMS/Bypasser,LMS/Bypasser,LMS/Bypasser,both
898686.0,paridad-education-consulting.teachable.com,,283,5,false,true,7,true,false,true,true,LMS/Bypasser,Aspiring,LMS/Bypasser,only one
1347461.0,info3.eulifeschool.com,,445,8,true,false,3,true,true,true,true,LMS/Bypasser,LMS/Bypasser,LMS/Bypasser,both
1676844.0,adhox-smart-academy.teachable.com,,465,6,false,true,1,true,true,true,false,Aspiring,LMS/Bypasser,LMS/Bypasser,only one
1996517.0,permaskin.teachable.com,,265,6,false,true,7,true,true,true,false,Aspiring,LMS/Bypasser,LMS/Bypasser,only one
2296919.0,trainingacademy.drinksomewaterllc.com,,54,4,true,true,2,true,false,true,true,LMS/Bypasser,Aspiring,LMS/Bypasser,only one
2387841.0,academy.mrdanielmakeup.com,,2078,1,true,true,1,true,true,true,true,LMS/Bypasser,LMS/Bypasser,LMS/Bypasser,both
1957329.0,ifsca.teachable.com,,770,47,false,true,10,true,true,true,true,LMS/Bypasser,LMS/Bypasser,LMS/Bypasser,both
2058199.0,gravitytransformation.teachable.com,,288,4,false,true,7,true,true,true,true,LMS/Bypasser,LMS/Bypasser,LMS/Bypasser,both
603083.0,learn.5shield.com,,80,3,true,true,1,true,true,true,true,LMS/Bypasser,LMS/Bypasser,LMS/Bypasser,both
733186.0,learn.shiftadapt.com,,2091,15,true,true,5,true,true,true,true,LMS/Bypasser,LMS/Bypasser,LMS/Bypasser,both
1247868.0,kellersalesacademy.teachable.com,,2723,2,false,true,4,true,true,true,true,LMS/Bypasser,LMS/Bypasser,LMS/Bypasser,both
1269168.0,fit-asia.teachable.com,,337,1,false,true,8,true,true,true,true,LMS/Bypasser,LMS/Bypasser,LMS/Bypasser,both
2112867.0,sacred-s-school.teachable.com,,97,4,false,true,1,true,false,true,true,LMS/Bypasser,Aspiring,LMS/Bypasser,only one
2355679.0,impact-lab.teachable.com,,23,1,false,true,1,true,false,true,true,LMS/Bypasser,Aspiring,LMS/Bypasser,only one
2390935.0,gardopia-gardens1.teachable.com,,142,3,false,true,4,true,false,true,true,LMS/Bypasser,Aspiring,LMS/Bypasser,only one
2662958.0,courses.steamroomtrading.com,,89,5,true,true,1,true,false,true,true,LMS/Bypasser,Aspiring,LMS/Bypasser,only one
627093.0,weteachreading.teachable.com,,118,7,false,true,1,true,true,true,true,LMS/Bypasser,LMS/Bypasser,LMS/Bypasser,both
2008334.0,airs-medical.teachable.com,,383,13,false,false,9,true,true,true,true,LMS/Bypasser,LMS/Bypasser,LMS/Bypasser,both
419879.0,fonksiyonel-wellness-koclugu.teachable.com,,2679,75,false,false,6,true,true,true,true,LMS/Bypasser,LMS/Bypasser,LMS/Bypasser,both
542386.0,big-agile.teachable.com,,6174,12,false,true,4,true,true,true,true,LMS/Bypasser,LMS/Bypasser,LMS/Bypasser,both
689166.0,your-body-your-mind-your-goals.teachable.com,,157,1,false,true,1,true,false,true,true,LMS/Bypasser,Aspiring,LMS/Bypasser,only one
814695.0,kuleanaacademy.teachable.com,,120,4,false,true,4,true,true,true,true,LMS/Bypasser,LMS/Bypasser,LMS/Bypasser,both
1141313.0,brooklyn-book-doctor.teachable.com,,95,2,false,true,1,true,true,true,false,Aspiring,LMS/Bypasser,LMS/Bypasser,only one
1395638.0,alignme.teachable.com,,74,4,false,true,2,true,false,true,true,LMS/Bypasser,Aspiring,LMS/Bypasser,only one
1478370.0,paige-joyce-s-school.teachable.com,,60,10,false,true,1,true,true,true,false,Aspiring,LMS/Bypasser,LMS/Bypasser,only one
1509168.0,harbour-finance-academy.teachable.com,,54,1,false,true,1,true,true,true,false,Aspiring,LMS/Bypasser,LMS/Bypasser,only one
1652334.0,jinto-john-mmjss-s-school.teachable.com,,120,4,false,true,1,true,false,true,true,LMS/Bypasser,Aspiring,LMS/Bypasser,only one
2115129.0,active-education-s-school.teachable.com,,121,3,false,true,1,true,true,true,true,LMS/Bypasser,LMS/Bypasser,LMS/Bypasser,both
1110353.0,the-bookkeeping-course.teachable.com,,2671,1,false,true,1,true,true,true,true,LMS/Bypasser,LMS/Bypasser,LMS/Bypasser,both
1265356.0,adela-haru.teachable.com,,426,24,false,true,1,true,true,true,true,LMS/Bypasser,LMS/Bypasser,LMS/Bypasser,both
246051.0,harmonetiks.teachable.com,,59,4,false,false,4,true,true,true,false,Aspiring,LMS/Bypasser,LMS/Bypasser,only one
546522.0,pegasus-cdl-inc.teachable.com,,852,9,false,true,1,true,true,true,false,Aspiring,LMS/Bypasser,LMS/Bypasser,only one
740418.0,mindpowersports.com,1337.0,286,10,true,true,1,true,true,true,true,LMS/Bypasser,LMS/Bypasser,LMS/Bypasser,both
822486.0,simpleyreal.teachable.com,,4109,49,false,true,2,true,true,true,true,LMS/Bypasser,LMS/Bypasser,LMS/Bypasser,both
1013605.0,teach.sleepwellclinic.co.nz,,55,2,true,true,1,true,true,true,true,LMS/Bypasser,LMS/Bypasser,LMS/Bypasser,both
1108117.0,www.riverflowinternational.com.au,,101,3,true,true,3,true,true,true,false,Aspiring,LMS/Bypasser,LMS/Bypasser,only one
1389251.0,business-and-finance-depot.teachable.com,,13,2,false,false,3,false,true,true,false,Aspiring,LMS/Bypasser,LMS/Bypasser,only one
1426100.0,good-shepherd-community-church-s-school1.teachable.com,,152,1,false,true,2,true,false,true,true,LMS/Bypasser,Aspiring,LMS/Bypasser,only one
1927874.0,neuroexchange.teachable.com,,39,1,false,true,11,true,false,true,true,LMS/Bypasser,Aspiring,LMS/Bypasser,only one
2096065.0,honeylake-clinic-s-school.teachable.com,,242,1,false,true,3,true,true,true,true,LMS/Bypasser,LMS/Bypasser,LMS/Bypasser,both
826339.0,panagosconsulting.teachable.com,,335,3,false,true,1,true,true,true,false,Aspiring,LMS/Bypasser,LMS/Bypasser,only one
863254.0,merrymount.teachable.com,,937,41,false,true,33,true,true,true,true,LMS/Bypasser,LMS/Bypasser,LMS/Bypasser,both
370588.0,beta-bowl.teachable.com,,820,47,false,true,1,true,true,true,true,LMS/Bypasser,LMS/Bypasser,LMS/Bypasser,both
526582.0,ultieme-relatie-methode.teachable.com,,186,5,false,true,2,true,true,true,true,LMS/Bypasser,LMS/Bypasser,LMS/Bypasser,both
550049.0,magnus-health-queensland.teachable.com,,442,2,false,true,2,true,true,true,true,LMS/Bypasser,LMS/Bypasser,LMS/Bypasser,both
967166.0,experience.unleashingofpotential.com,,435,12,true,true,1,true,true,true,true,LMS/Bypasser,LMS/Bypasser,LMS/Bypasser,both
1119340.0,voa-ministry.teachable.com,,373,10,false,true,3,true,false,true,true,LMS/Bypasser,Aspiring,LMS/Bypasser,only one
2360640.0,gerardo-londono-s-school.teachable.com,,35,3,false,true,2,true,false,true,true,LMS/Bypasser,Aspiring,LMS/Bypasser,only one
439232.0,daytradespy.teachable.com,,251,37,false,true,5,true,true,true,true,LMS/Bypasser,LMS/Bypasser,LMS/Bypasser,both
659157.0,smonlineacademy.teachable.com,,468,58,false,true,4,true,true,true,true,LMS/Bypasser,LMS/Bypasser,LMS/Bypasser,both
898367.0,umtpg.teachable.com,,199,1,false,true,1,true,true,true,true,LMS/Bypasser,LMS/Bypasser,LMS/Bypasser,both
900232.0,airlabsubang.teachable.com,,350,30,false,false,3,true,true,true,true,LMS/Bypasser,LMS/Bypasser,LMS/Bypasser,both
1724820.0,optimumjoy.teachable.com,,63,6,false,true,4,true,false,true,true,LMS/Bypasser,Aspiring,LMS/Bypasser,only one
1733318.0,49ing-academy.teachable.com,,257,3,false,true,2,true,false,true,true,LMS/Bypasser,Aspiring,LMS/Bypasser,only one
846212.0,crehabconsultants.teachable.com,,1206,36,false,true,4,true,true,true,true,LMS/Bypasser,LMS/Bypasser,LMS/Bypasser,both
1477082.0,datahow-academy.teachable.com,,562,6,false,true,5,true,true,true,true,LMS/Bypasser,LMS/Bypasser,LMS/Bypasser,both
13076.0,training.rocol.com,,493,17,true,false,7,true,true,true,false,Aspiring,LMS/Bypasser,LMS/Bypasser,only one
236957.0,kneetiegorungo.teachable.com,,156,2,false,true,1,true,true,true,false,Aspiring,LMS/Bypasser,LMS/Bypasser,only one
439003.0,nas-solutions-school.teachable.com,,54,11,false,true,1,true,false,true,true,LMS/Bypasser,Aspiring,LMS/Bypasser,only one
1096532.0,ocean-breeze-cruise-travel-corp-s-training.teachable.com,,36,2,false,true,1,true,true,true,true,LMS/Bypasser,LMS/Bypasser,LMS/Bypasser,both
1418779.0,apt-research.teachable.com,,69,4,false,true,2,true,true,true,false,Aspiring,LMS/Bypasser,LMS/Bypasser,only one
2184162.0,atmacenapractitioners.teachable.com,,1163,28,false,true,10,true,true,true,true,LMS/Bypasser,LMS/Bypasser,LMS/Bypasser,both
2341222.0,thedashhpropertycollective.teachable.com,,205,5,false,true,4,true,true,true,false,Aspiring,LMS/Bypasser,LMS/Bypasser,only one
2114776.0,online-agency-bm.com,,5679,9,true,false,1,true,true,true,true,LMS/Bypasser,LMS/Bypasser,LMS/Bypasser,both
383617.0,br24.teachable.com,,7925,21,false,false,10,true,true,true,true,LMS/Bypasser,LMS/Bypasser,LMS/Bypasser,both
703867.0,growth-rocket-academy1.teachable.com,,908,3,false,true,5,true,true,true,true,LMS/Bypasser,LMS/Bypasser,LMS/Bypasser,both
859954.0,feinmetall.teachable.com,,325,10,false,true,7,true,true,true,true,LMS/Bypasser,LMS/Bypasser,LMS/Bypasser,both
931013.0,go.opendorse.com,,66137,32,true,true,24,true,true,true,true,LMS/Bypasser,LMS/Bypasser,LMS/Bypasser,both
976191.0,visual-factories-academy.teachable.com,,137,4,false,true,1,true,true,true,false,Aspiring,LMS/Bypasser,LMS/Bypasser,only one
994138.0,mamalucy.tw,,64,3,true,false,1,true,true,true,false,Aspiring,LMS/Bypasser,LMS/Bypasser,only one
1253002.0,the-bly-team.teachable.com,,193,35,false,true,4,true,true,true,true,LMS/Bypasser,LMS/Bypasser,LMS/Bypasser,both
1281635.0,agcph.teachable.com,,766,8,false,true,2,true,true,true,true,LMS/Bypasser,LMS/Bypasser,LMS/Bypasser,both
1472034.0,tiktok-school1.teachable.com,,488,19,false,true,4,true,true,true,true,LMS/Bypasser,LMS/Bypasser,LMS/Bypasser,both
1525429.0,www.ci-design-academy.com,,59,5,true,false,1,true,true,true,false,Aspiring,LMS/Bypasser,LMS/Bypasser,only one
1940836.0,madison-dorenkamp-s-school.teachable.com,,41,5,false,true,2,true,true,true,false,Aspiring,LMS/Bypasser,LMS/Bypasser,only one
2045216.0,damon-taheri-s-school.teachable.com,,33,1,false,true,1,true,true,true,false,Aspiring,LMS/Bypasser,LMS/Bypasser,only one
2399179.0,kingdomtrainingacademy.teachable.com,,43,4,false,true,1,true,false,true,true,LMS/Bypasser,Aspiring,LMS/Bypasser,only one
2400145.0,understanding-your-federal-employee-benefits-m.teachable.com,,22,1,false,true,1,true,false,true,true,LMS/Bypasser,Aspiring,LMS/Bypasser,only one
905812.0,evangelu.teachable.com,,447,6,false,true,6,true,false,true,true,LMS/Bypasser,Aspiring,LMS/Bypasser,only one
1070648.0,integrated-capital-cards.teachable.com,,271,2,false,true,1,true,true,true,true,LMS/Bypasser,LMS/Bypasser,LMS/Bypasser,both
2661979.0,unitedtraining.teachable.com,,39,2,false,true,2,true,false,true,true,LMS/Bypasser,Aspiring,LMS/Bypasser,only one
316444.0,baronfamilylaw.teachable.com,,40,4,false,true,7,true,true,true,false,Aspiring,LMS/Bypasser,LMS/Bypasser,only one
595844.0,regenative-labs-online-training.teachable.com,,1467,7,false,true,9,true,true,true,true,LMS/Bypasser,LMS/Bypasser,LMS/Bypasser,both
1435220.0,bateman-collective.teachable.com,,334,2,false,true,1,true,true,true,false,Aspiring,LMS/Bypasser,LMS/Bypasser,only one
2002029.0,academy-br.engeman.com.br,,96,2,true,true,4,true,true,true,true,LMS/Bypasser,LMS/Bypasser,LMS/Bypasser,both
2255718.0,growgrads.teachable.com,,139,2,false,true,3,true,true,true,false,Aspiring,LMS/Bypasser,LMS/Bypasser,only one
2462522.0,ffn-s-school.teachable.com,,544,3,false,false,3,true,false,true,true,LMS/Bypasser,Aspiring,LMS/Bypasser,only one
580256.0,befin.teachable.com,,5035,37,false,true,13,true,true,true,true,LMS/Bypasser,LMS/Bypasser,LMS/Bypasser,both
123756.0,sansterra.teachable.com,,17,1,false,true,1,false,true,true,false,Aspiring,LMS/Bypasser,LMS/Bypasser,only one
337016.0,gisc-online-learning.teachable.com,,837,67,false,true,5,true,true,true,true,LMS/Bypasser,LMS/Bypasser,LMS/Bypasser,both
518607.0,dcma.teachable.com,,4039,10,false,true,10,true,true,true,true,LMS/Bypasser,LMS/Bypasser,LMS/Bypasser,both
520321.0,parsity.teachable.com,,1643,33,false,true,9,true,true,true,true,LMS/Bypasser,LMS/Bypasser,LMS/Bypasser,both
534848.0,the-light-way.teachable.com,,359,4,false,true,1,true,true,true,false,Aspiring,LMS/Bypasser,LMS/Bypasser,only one
577947.0,www.lelandsacademy.com,,304,13,true,true,8,true,true,true,true,LMS/Bypasser,LMS/Bypasser,LMS/Bypasser,both
669603.0,expandedschools.teachable.com,,1843,46,false,true,31,true,true,true,false,Aspiring,LMS/Bypasser,LMS/Bypasser,only one
706691.0,studiocliff.teachable.com,,163,4,false,true,2,true,true,true,true,LMS/Bypasser,LMS/Bypasser,LMS/Bypasser,both
883491.0,blc-roofing-school.teachable.com,,40,4,false,true,2,true,true,true,false,Aspiring,LMS/Bypasser,LMS/Bypasser,only one
919824.0,growthvalley.teachable.com,,12088,689,false,false,4,true,true,true,true,LMS/Bypasser,LMS/Bypasser,LMS/Bypasser,both
1057789.0,u.espglobal.co,,5640,67,true,false,5,true,true,true,true,LMS/Bypasser,LMS/Bypasser,LMS/Bypasser,both
1082900.0,shendaoakademie.teachable.com,,46,3,false,true,2,true,true,true,true,LMS/Bypasser,LMS/Bypasser,LMS/Bypasser,both
1117406.0,cactus-capital.teachable.com,,469,2,false,true,1,true,true,true,false,Aspiring,LMS/Bypasser,LMS/Bypasser,only one
1216042.0,the-dollmaker-school.teachable.com,,362,5,false,true,1,true,true,true,true,LMS/Bypasser,LMS/Bypasser,LMS/Bypasser,both
1389331.0,peggy-mills-s-school.teachable.com,,62,1,false,true,3,true,true,true,false,Aspiring,LMS/Bypasser,LMS/Bypasser,only one
2039076.0,academy.xonasystems.com,,745,8,true,true,7,true,true,true,true,LMS/Bypasser,LMS/Bypasser,LMS/Bypasser,both
1351827.0,fflsalesacademy.teachable.com,,2221,1,false,true,3,true,false,true,true,LMS/Bypasser,Aspiring,LMS/Bypasser,only one
2066832.0,tech-collective.teachable.com,,154,24,false,true,1,true,true,true,true,LMS/Bypasser,LMS/Bypasser,LMS/Bypasser,both
2459453.0,lgm-chatting-s-school.teachable.com,,222,7,false,true,2,true,true,true,false,Aspiring,LMS/Bypasser,LMS/Bypasser,only one
221193.0,institute.encompassglobal.com,,36,6,true,true,1,true,false,true,true,LMS/Bypasser,Aspiring,LMS/Bypasser,only one
552563.0,susteen-forensics.teachable.com,,518,3,false,true,5,true,true,true,true,LMS/Bypasser,LMS/Bypasser,LMS/Bypasser,both
706004.0,dreambodydreamlife.teachable.com,,114,5,false,true,1,true,false,true,true,LMS/Bypasser,Aspiring,LMS/Bypasser,only one
1158598.0,staff.learningstudioeducare.com,,243,5,true,true,1,true,true,true,true,LMS/Bypasser,LMS/Bypasser,LMS/Bypasser,both
1178454.0,learning.edu-business-institute.com,,7564,9,true,false,5,true,true,true,true,LMS/Bypasser,LMS/Bypasser,LMS/Bypasser,both
1335876.0,school.makemytrend.com,,887,31,true,false,3,true,true,true,true,LMS/Bypasser,LMS/Bypasser,LMS/Bypasser,both
1981214.0,aletheiacademy.com,69.0,105,7,true,true,7,true,true,true,true,LMS/Bypasser,LMS/Bypasser,LMS/Bypasser,both
2434862.0,www.forge-music.com,,136,14,true,false,1,true,true,true,true,LMS/Bypasser,LMS/Bypasser,LMS/Bypasser,both
420837.0,lma.teachable.com,,40418,23,false,true,1,true,true,true,true,LMS/Bypasser,LMS/Bypasser,LMS/Bypasser,both
1046879.0,programatulibertad.com,17247.0,2972,25,true,true,2,true,true,true,true,LMS/Bypasser,LMS/Bypasser,LMS/Bypasser,both
2194491.0,dietitianbgg.teachable.com,,1081,3,false,true,16,true,true,true,true,LMS/Bypasser,LMS/Bypasser,LMS/Bypasser,both
2433257.0,usg-s-school.teachable.com,,562,20,false,true,2,true,false,true,true,LMS/Bypasser,Aspiring,LMS/Bypasser,only one
290528.0,livingston-research.teachable.com,,5520,5,false,false,6,true,true,true,false,Aspiring,LMS/Bypasser,LMS/Bypasser,only one
442853.0,school_okadashintaro.teachable.com,,45,2,false,true,1,true,true,true,false,Aspiring,LMS/Bypasser,LMS/Bypasser,only one
479476.0,skp-university.teachable.com,,9641,9,false,false,5,true,true,true,true,LMS/Bypasser,LMS/Bypasser,LMS/Bypasser,both
821572.0,successlifesociety.teachable.com,,17443,12,false,true,4,true,true,true,true,LMS/Bypasser,LMS/Bypasser,LMS/Bypasser,both
895271.0,riverlifeonline.teachable.com,,467,14,false,true,2,true,true,true,true,LMS/Bypasser,LMS/Bypasser,LMS/Bypasser,both
1467816.0,life-people-business-s-school.teachable.com,,356,8,false,false,10,true,true,true,false,Aspiring,LMS/Bypasser,LMS/Bypasser,only one
259636.0,online.casaonce.com,,3171,36,true,false,3,true,true,true,true,LMS/Bypasser,LMS/Bypasser,LMS/Bypasser,both
501720.0,academy.getyourflow.be,,280,8,true,true,2,true,true,true,true,LMS/Bypasser,LMS/Bypasser,LMS/Bypasser,both
812109.0,norma-s-teaching.teachable.com,,57625,9,false,true,5,true,true,true,true,LMS/Bypasser,LMS/Bypasser,LMS/Bypasser,both
1266643.0,pearsonlms.teachable.com,,107,14,false,true,16,true,true,true,false,Aspiring,LMS/Bypasser,LMS/Bypasser,only one
586129.0,brand-mgr.teachable.com,,880,6,false,true,2,true,true,true,true,LMS/Bypasser,LMS/Bypasser,LMS/Bypasser,both
855059.0,training.deeptrekker.com,4236.0,2959,18,true,true,6,true,true,true,true,LMS/Bypasser,LMS/Bypasser,LMS/Bypasser,both
1152508.0,academy.steamthrudrones.com,,49,4,true,false,2,true,true,true,false,Aspiring,LMS/Bypasser,LMS/Bypasser,only one
1317153.0,www.zengagelearning.net,,14,2,true,true,1,true,true,true,false,Aspiring,LMS/Bypasser,LMS/Bypasser,only one
1726280.0,www.iicambassador.com,,154,3,true,true,2,true,true,true,true,LMS/Bypasser,LMS/Bypasser,LMS/Bypasser,both
1928463.0,successtutoringacademy.com,1563.0,2475,18,true,true,12,true,true,true,true,LMS/Bypasser,LMS/Bypasser,LMS/Bypasser,both
2229305.0,accompagnement-business-partner.teachable.com,,121,1,false,true,1,true,false,true,true,LMS/Bypasser,Aspiring,LMS/Bypasser,only one
522357.0,wwfaprende.com,,12583,8,true,true,4,true,true,true,false,Aspiring,LMS/Bypasser,LMS/Bypasser,only one
885976.0,teamfoodlab.teachable.com,,405,73,false,true,8,true,true,true,true,LMS/Bypasser,LMS/Bypasser,LMS/Bypasser,both
980861.0,grow-nj-kids.teachable.com,,20771,52,false,true,4,true,false,true,true,LMS/Bypasser,Aspiring,LMS/Bypasser,only one
1678679.0,rosetree.teachable.com,,147,1,false,true,1,true,true,true,false,Aspiring,LMS/Bypasser,LMS/Bypasser,only one
2682667.0,popzangles.teachable.com,,113,5,false,true,1,true,false,true,true,LMS/Bypasser,Aspiring,LMS/Bypasser,only one
264460.0,homemade-method.teachable.com,,752,2,false,true,5,true,true,true,false,Aspiring,LMS/Bypasser,LMS/Bypasser,only one
380897.0,members.kaitygriffin.com,,30524,26,true,true,2,true,true,true,true,LMS/Bypasser,LMS/Bypasser,LMS/Bypasser,both
1153064.0,eng.stratoplan-school.com,,558,23,true,true,1,true,true,true,true,LMS/Bypasser,LMS/Bypasser,LMS/Bypasser,both
1162724.0,spli.teachable.com,,48,3,false,true,1,true,true,true,true,LMS/Bypasser,LMS/Bypasser,LMS/Bypasser,both
1240393.0,sweetyoga.teachable.com,,352,4,false,true,1,true,true,true,true,LMS/Bypasser,LMS/Bypasser,LMS/Bypasser,both
1324158.0,evolvedmd.teachable.com,,477,30,false,true,6,true,true,true,true,LMS/Bypasser,LMS/Bypasser,LMS/Bypasser,both
1420193.0,womenwellnesscoachlinda.teachable.com,,337,11,false,false,3,true,true,true,true,LMS/Bypasser,LMS/Bypasser,LMS/Bypasser,both
1455433.0,www.syurobschool.com,,98,10,true,false,3,true,false,true,true,LMS/Bypasser,Aspiring,LMS/Bypasser,only one
1604318.0,growth-coaching-international3.teachable.com,,286,10,false,true,1,true,false,true,true,LMS/Bypasser,Aspiring,LMS/Bypasser,only one
2114462.0,s-school15900.teachable.com,,204,2,false,false,3,true,true,true,false,Aspiring,LMS/Bypasser,LMS/Bypasser,only one
2624520.0,escort-academy.teachable.com,,33,1,false,true,1,true,true,true,false,Aspiring,LMS/Bypasser,LMS/Bypasser,only one
139959.0,track-university.teachable.com,,5413,57,false,true,11,true,true,true,true,LMS/Bypasser,LMS/Bypasser,LMS/Bypasser,both
1828254.0,ravinder-kumar-s-school1.teachable.com,,33833,10,false,false,4,true,true,true,true,LMS/Bypasser,LMS/Bypasser,LMS/Bypasser,both
193923.0,homebuyereducation.teachable.com,,848,12,false,true,15,true,true,true,true,LMS/Bypasser,LMS/Bypasser,LMS/Bypasser,both
1320582.0,karaz.teachable.com,,915,1,false,true,12,true,true,true,true,LMS/Bypasser,LMS/Bypasser,LMS/Bypasser,both
206872.0,mil2atp.teachable.com,,1129,6,false,true,4,true,true,true,true,LMS/Bypasser,LMS/Bypasser,LMS/Bypasser,both
515527.0,klinghardt-institute.teachable.com,,370,3,false,true,2,true,true,true,true,LMS/Bypasser,LMS/Bypasser,LMS/Bypasser,both
649625.0,xinhong.teachable.com,,113,18,false,true,3,true,true,true,false,Aspiring,LMS/Bypasser,LMS/Bypasser,only one
1403041.0,houston-skyline1.teachable.com,,360,11,false,true,4,true,true,true,true,LMS/Bypasser,LMS/Bypasser,LMS/Bypasser,both
1435335.0,busybeetools.teachable.com,,1005,5,false,true,1,true,true,true,true,LMS/Bypasser,LMS/Bypasser,LMS/Bypasser,both
1555144.0,workana-s-school.teachable.com,,8340,10,false,true,6,true,true,true,true,LMS/Bypasser,LMS/Bypasser,LMS/Bypasser,both
2051727.0,joe-lewis-s-school2.teachable.com,,1516,27,false,true,4,true,true,true,true,LMS/Bypasser,LMS/Bypasser,LMS/Bypasser,both
2153078.0,escentia.teachable.com,,160,19,false,true,7,true,true,true,true,LMS/Bypasser,LMS/Bypasser,LMS/Bypasser,both
974770.0,www.adobetechacademy.com,,713,32,true,false,1,true,true,true,true,LMS/Bypasser,LMS/Bypasser,LMS/Bypasser,both
1252851.0,elearn.masterzblockchain.com,,3184,18,true,true,2,true,true,true,true,LMS/Bypasser,LMS/Bypasser,LMS/Bypasser,both
2659282.0,uptimecrew.teachable.com,,195,12,false,true,6,true,true,true,true,LMS/Bypasser,LMS/Bypasser,LMS/Bypasser,both
348744.0,digiruptor.teachable.com,,54,2,false,true,1,true,false,true,true,LMS/Bypasser,Aspiring,LMS/Bypasser,only one
366810.0,vitamea.teachable.com,,210,6,false,true,1,true,true,true,false,Aspiring,LMS/Bypasser,LMS/Bypasser,only one
774718.0,getpress-pr-academy.teachable.com,,459,1,false,true,5,true,true,true,true,LMS/Bypasser,LMS/Bypasser,LMS/Bypasser,both
778584.0,advancedtherapeuticinterventions.teachable.com,,65,6,false,true,1,true,true,true,false,Aspiring,LMS/Bypasser,LMS/Bypasser,only one
973912.0,sunnylands-tour-guide-training.teachable.com,,140,5,false,true,5,true,true,true,true,LMS/Bypasser,LMS/Bypasser,LMS/Bypasser,both
1077705.0,harquinteam.teachable.com,,412,30,false,true,5,true,true,true,true,LMS/Bypasser,LMS/Bypasser,LMS/Bypasser,both
2099809.0,learninglab.justrightreader.com,,273,6,true,true,12,true,true,true,true,LMS/Bypasser,LMS/Bypasser,LMS/Bypasser,both
2265686.0,jason-asa-s-school.teachable.com,,39,3,false,true,1,true,true,true,false,Aspiring,LMS/Bypasser,LMS/Bypasser,only one
2674264.0,chakraspirit.teachable.com,,21,1,false,true,1,true,false,true,true,LMS/Bypasser,Aspiring,LMS/Bypasser,only one
748780.0,macraskillnet.teachable.com,,819,19,false,true,5,true,true,true,true,LMS/Bypasser,LMS/Bypasser,LMS/Bypasser,both
249078.0,letmc.teachable.com,,898,8,false,true,1,true,true,true,false,Aspiring,LMS/Bypasser,LMS/Bypasser,only one
438317.0,north-shore-automation-training-center.teachable.com,,112,2,false,true,2,true,true,true,false,Aspiring,LMS/Bypasser,LMS/Bypasser,only one
825731.0,beebosnak.teachable.com,,90,12,false,true,2,true,true,true,false,Aspiring,LMS/Bypasser,LMS/Bypasser,only one
825879.0,safehaventherapy.teachable.com,,38,2,false,true,1,true,true,true,false,Aspiring,LMS/Bypasser,LMS/Bypasser,only one
826992.0,theplacetosoar.teachable.com,,104,3,false,true,2,true,true,true,true,LMS/Bypasser,LMS/Bypasser,LMS/Bypasser,both
2086645.0,askhours.teachable.com,,40,1,false,true,1,true,true,true,false,Aspiring,LMS/Bypasser,LMS/Bypasser,only one
206629.0,connected-learning-glasgow.teachable.com,,4824,128,false,true,21,true,true,true,false,Aspiring,LMS/Bypasser,LMS/Bypasser,only one
933403.0,ssv-yoga.teachable.com,,938,8,false,true,1,true,true,true,true,LMS/Bypasser,LMS/Bypasser,LMS/Bypasser,both
935983.0,beuniversity1.teachable.com,,1016,6,false,true,8,true,true,true,true,LMS/Bypasser,LMS/Bypasser,LMS/Bypasser,both
2172201.0,akademie.diealltagsfeen.de,,2119,3,true,true,11,true,true,true,true,LMS/Bypasser,LMS/Bypasser,LMS/Bypasser,both
2228475.0,electricsheep.teachable.com,,530,3,false,false,6,true,false,true,true,LMS/Bypasser,Aspiring,LMS/Bypasser,only one
295663.0,the-online-business-playbook.teachable.com,,1311,2,false,true,3,true,false,true,true,LMS/Bypasser,Aspiring,LMS/Bypasser,only one
553345.0,cdb-university.com,,21,2,true,true,2,true,true,true,false,Aspiring,LMS/Bypasser,LMS/Bypasser,only one
573312.0,memphisspeech.teachable.com,,41,3,false,true,1,true,true,true,false,Aspiring,LMS/Bypasser,LMS/Bypasser,only one
2039011.0,javier-lain-s-school.teachable.com,,444,12,false,true,1,true,true,true,true,LMS/Bypasser,LMS/Bypasser,LMS/Bypasser,both
2534499.0,daniel-morris-s-school2.teachable.com,,41,2,false,true,1,true,false,true,true,LMS/Bypasser,Aspiring,LMS/Bypasser,only one
434971.0,genitoreinformato.teachable.com,,20721,25,false,false,4,true,true,true,true,LMS/Bypasser,LMS/Bypasser,LMS/Bypasser,both
80984.0,e-learning-lokaal-sportbeleid.teachable.com,,2461,15,false,true,7,true,true,true,false,Aspiring,LMS/Bypasser,LMS/Bypasser,only one
326060.0,corporacion-la-comunidad-de-la-leche.teachable.com,,2876,66,false,true,16,true,true,true,true,LMS/Bypasser,LMS/Bypasser,LMS/Bypasser,both
583842.0,sqlschoolvideos.teachable.com,,2011,74,false,false,3,true,true,true,false,Aspiring,LMS/Bypasser,LMS/Bypasser,only one
659099.0,www.iibminstitute.com,,9336,244,true,true,3,true,true,true,true,LMS/Bypasser,LMS/Bypasser,LMS/Bypasser,both
1447141.0,travelunlimited.teachable.com,,2832,8,false,false,5,true,true,true,true,LMS/Bypasser,LMS/Bypasser,LMS/Bypasser,both
1555599.0,careertalkacademy.com,,3506,32,true,true,1,true,false,true,true,LMS/Bypasser,Aspiring,LMS/Bypasser,only one
1724735.0,clergyethics.teachable.com,,2408,10,false,true,6,true,true,true,true,LMS/Bypasser,LMS/Bypasser,LMS/Bypasser,both
1934108.0,stacy-welker-s-school.teachable.com,,92,4,false,true,1,true,true,true,false,Aspiring,LMS/Bypasser,LMS/Bypasser,only one
1991968.0,revelation-church-s-school.teachable.com,,5470,5,false,true,5,true,false,true,true,LMS/Bypasser,Aspiring,LMS/Bypasser,only one
1255439.0,buildingblockstherapy.teachable.com,,916,14,false,true,7,true,true,true,true,LMS/Bypasser,LMS/Bypasser,LMS/Bypasser,both
1392598.0,school.exploringtheprophetic.com,,286,3,true,false,3,true,true,true,true,LMS/Bypasser,LMS/Bypasser,LMS/Bypasser,both
1537815.0,academy.teambluelight.com,,42,3,true,true,1,true,false,true,true,LMS/Bypasser,Aspiring,LMS/Bypasser,only one
1633193.0,programs-department-s-school.teachable.com,,101,6,false,true,1,true,false,true,true,LMS/Bypasser,Aspiring,LMS/Bypasser,only one
2172465.0,negociaciontotal.teachable.com,,52,1,false,true,1,true,false,true,true,LMS/Bypasser,Aspiring,LMS/Bypasser,only one
281148.0,lecoledesdemeleuses.teachable.com,,80,7,false,true,1,true,true,true,false,Aspiring,LMS/Bypasser,LMS/Bypasser,only one
358786.0,thehoth1.teachable.com,,673,15,false,true,8,true,true,true,true,LMS/Bypasser,LMS/Bypasser,LMS/Bypasser,both
522598.0,numecent-cloudpaging.teachable.com,,222,1,false,true,1,true,false,true,true,LMS/Bypasser,Aspiring,LMS/Bypasser,only one
768753.0,ariva.teachable.com,,1268,9,false,true,3,true,true,true,false,Aspiring,LMS/Bypasser,LMS/Bypasser,only one
1101417.0,ufe-fire-training.teachable.com,,213,6,false,true,2,true,true,true,true,LMS/Bypasser,LMS/Bypasser,LMS/Bypasser,both
1239290.0,vozintegral.teachable.com,,406,73,false,true,2,true,true,true,true,LMS/Bypasser,LMS/Bypasser,LMS/Bypasser,both
2067697.0,decisive-point-s-school.teachable.com,,130,2,false,true,5,true,false,true,true,LMS/Bypasser,Aspiring,LMS/Bypasser,only one
2235646.0,bianka-wasserman-s-school1.teachable.com,,28,1,false,true,1,true,false,true,true,LMS/Bypasser,Aspiring,LMS/Bypasser,only one
697960.0,academy.virtuagym.com,,6501,73,true,true,12,true,true,true,true,LMS/Bypasser,LMS/Bypasser,LMS/Bypasser,both
1586475.0,icm.training,,1666,51,true,true,7,true,true,true,true,LMS/Bypasser,LMS/Bypasser,LMS/Bypasser,both
56617.0,training-cafe.teachable.com,,1081,5,false,true,1,true,true,true,false,Aspiring,LMS/Bypasser,LMS/Bypasser,only one
408778.0,www.mymodernagentu.com,3706.0,95,7,true,true,6,true,true,true,false,Aspiring,LMS/Bypasser,LMS/Bypasser,only one
427952.0,www.michelemavi.com,,93,3,true,false,2,true,true,true,false,Aspiring,LMS/Bypasser,LMS/Bypasser,only one
712750.0,eastgatessl.teachable.com,,358,18,false,true,3,true,true,true,true,LMS/Bypasser,LMS/Bypasser,LMS/Bypasser,both
1102805.0,jktech-courses.teachable.com,,569,64,false,true,6,true,true,true,true,LMS/Bypasser,LMS/Bypasser,LMS/Bypasser,both
1185164.0,fit-together.teachable.com,,173,2,false,true,6,true,true,true,true,LMS/Bypasser,LMS/Bypasser,LMS/Bypasser,both
2681487.0,jen-carter-coaching.teachable.com,,14,1,false,true,1,false,true,true,false,Aspiring,LMS/Bypasser,LMS/Bypasser,only one
1481716.0,academia.senadis.cl,,98201,25,true,true,3,true,false,true,true,LMS/Bypasser,Aspiring,LMS/Bypasser,only one
222970.0,proseries.intercoast.edu,,3865,3,true,false,1,true,false,true,true,LMS/Bypasser,Aspiring,LMS/Bypasser,only one
1263817.0,patriotschool.teachable.com,,25,1,false,true,1,true,true,true,false,Aspiring,LMS/Bypasser,LMS/Bypasser,only one
2242766.0,joseph-abell-s-school.teachable.com,,769,1,false,true,1,true,false,true,true,LMS/Bypasser,Aspiring,LMS/Bypasser,only one
2256582.0,braidedwisdom.teachable.com,,115,5,false,true,4,true,false,true,true,LMS/Bypasser,Aspiring,LMS/Bypasser,only one
2586858.0,neoterric-institute-s-school.teachable.com,,34,2,false,true,4,true,true,true,false,Aspiring,LMS/Bypasser,LMS/Bypasser,only one
1455327.0,essendon-physio-group-graduate-plus-program.teachable.com,,28,4,false,true,1,true,true,true,false,Aspiring,LMS/Bypasser,LMS/Bypasser,only one
1561558.0,new-course8.teachable.com,,281,3,false,true,1,true,true,true,true,LMS/Bypasser,LMS/Bypasser,LMS/Bypasser,both
2053404.0,jessica-viera-s-school.teachable.com,,1190,24,false,true,1,true,false,true,true,LMS/Bypasser,Aspiring,LMS/Bypasser,only one
363039.0,mssionline.teachable.com,,75,1,false,false,4,true,true,true,false,Aspiring,LMS/Bypasser,LMS/Bypasser,only one
832768.0,voka-westvlaanderen.teachable.com,,293,10,false,true,7,true,false,true,true,LMS/Bypasser,Aspiring,LMS/Bypasser,only one
904271.0,galileosky-training.teachable.com,,2809,7,false,true,1,true,true,true,false,Aspiring,LMS/Bypasser,LMS/Bypasser,only one
1298260.0,therealtyfirm.teachable.com,,152,3,false,true,3,true,true,true,false,Aspiring,LMS/Bypasser,LMS/Bypasser,only one
1302722.0,csi-english.teachable.com,,91,5,false,false,4,true,true,true,true,LMS/Bypasser,LMS/Bypasser,LMS/Bypasser,both
1946723.0,exlogit.teachable.com,,60,4,false,true,3,true,false,true,true,LMS/Bypasser,Aspiring,LMS/Bypasser,only one
2256308.0,schola.jfaaa.or.jp,,224,6,true,true,1,true,false,true,true,LMS/Bypasser,Aspiring,LMS/Bypasser,only one
540024.0,foodlove-academy.teachable.com,,1437,7,false,true,1,true,true,true,true,LMS/Bypasser,LMS/Bypasser,LMS/Bypasser,both
1177992.0,paracleuniversity.com,966.0,524,3,true,true,10,true,true,true,false,Aspiring,LMS/Bypasser,LMS/Bypasser,only one
1197258.0,wellmama.teachable.com,,65,1,false,true,1,true,true,true,false,Aspiring,LMS/Bypasser,LMS/Bypasser,only one
1244504.0,content-design-nz.teachable.com,,84,1,false,true,1,true,true,true,true,LMS/Bypasser,LMS/Bypasser,LMS/Bypasser,both
1632847.0,shelterwellcurriculum.teachable.com,,40,2,false,true,5,true,true,true,false,Aspiring,LMS/Bypasser,LMS/Bypasser,only one
967476.0,burst-university.teachable.com,,4527,30,false,true,6,true,true,true,true,LMS/Bypasser,LMS/Bypasser,LMS/Bypasser,both
1732394.0,learn.doofinder.com,,1535,5,true,true,7,true,true,true,true,LMS/Bypasser,LMS/Bypasser,LMS/Bypasser,both
759744.0,nadiagabrielle.teachable.com,,165,7,false,true,1,true,true,true,true,LMS/Bypasser,LMS/Bypasser,LMS/Bypasser,both
1357451.0,south-dakota-center-for-nursing-workforce.teachable.com,,1261,3,false,true,7,true,true,true,false,Aspiring,LMS/Bypasser,LMS/Bypasser,only one
1449244.0,katherine-johnson-s-school1.teachable.com,,227,1,false,false,3,true,true,true,false,Aspiring,LMS/Bypasser,LMS/Bypasser,only one
1674396.0,snappyspeech.teachable.com,,28,1,false,false,3,true,true,true,false,Aspiring,LMS/Bypasser,LMS/Bypasser,only one
2123148.0,anita-budak-s-school.teachable.com,,61,1,false,true,1,true,true,true,true,LMS/Bypasser,LMS/Bypasser,LMS/Bypasser,both
2288514.0,chdi.teachable.com,,119,5,false,true,1,true,false,true,true,LMS/Bypasser,Aspiring,LMS/Bypasser,only one
2635235.0,academia-inpact-s-school.teachable.com,,26,7,false,true,6,true,false,true,true,LMS/Bypasser,Aspiring,LMS/Bypasser,only one
115226.0,jfyp.teachable.com,,254,3,false,true,2,true,true,true,false,Aspiring,LMS/Bypasser,LMS/Bypasser,only one
544564.0,outdoor-life-coaching.teachable.com,,80,2,false,true,1,true,true,true,false,Aspiring,LMS/Bypasser,LMS/Bypasser,only one
814420.0,marigold-marketing-group.teachable.com,,28,1,false,true,14,true,true,true,false,Aspiring,LMS/Bypasser,LMS/Bypasser,only one
1070295.0,the-id-factory.teachable.com,,787,20,false,true,10,true,true,true,false,Aspiring,LMS/Bypasser,LMS/Bypasser,only one
1360737.0,discoverykidzone.teachable.com,,596,4,false,true,6,true,true,true,true,LMS/Bypasser,LMS/Bypasser,LMS/Bypasser,both
1460912.0,businessese.teachable.com,,1225,31,false,true,3,true,true,true,true,LMS/Bypasser,LMS/Bypasser,LMS/Bypasser,both
1499652.0,chris-s-school156.teachable.com,,48,1,false,true,1,true,false,true,true,LMS/Bypasser,Aspiring,LMS/Bypasser,only one
1514988.0,customer-success-gtm-training-certification.teachable.com,,92,7,false,true,4,true,true,true,true,LMS/Bypasser,LMS/Bypasser,LMS/Bypasser,both
1727173.0,s-school13288.teachable.com,,177,5,false,true,1,true,true,true,false,Aspiring,LMS/Bypasser,LMS/Bypasser,only one
1732742.0,raised-resilient-academy.teachable.com,,140,1,false,true,1,true,true,true,true,LMS/Bypasser,LMS/Bypasser,LMS/Bypasser,both
2027565.0,kdtc.teachable.com,,44,4,false,false,3,true,true,true,false,Aspiring,LMS/Bypasser,LMS/Bypasser,only one
893039.0,www.learning.phoenix.mc,59.0,1174,13,true,true,4,true,true,true,true,LMS/Bypasser,LMS/Bypasser,LMS/Bypasser,both
1604810.0,kru-nat.com,,523,43,true,false,2,true,false,true,true,LMS/Bypasser,Aspiring,LMS/Bypasser,only one
41494.0,wesuite.teachable.com,,1819,6,false,true,1,true,true,true,false,Aspiring,LMS/Bypasser,LMS/Bypasser,only one
101523.0,athletic1080.teachable.com,,207,3,false,true,1,true,true,true,true,LMS/Bypasser,LMS/Bypasser,LMS/Bypasser,both
137254.0,naijabrandchick-school-of-instagram.teachable.com,,6493,14,false,false,4,true,true,true,true,LMS/Bypasser,LMS/Bypasser,LMS/Bypasser,both
255329.0,womens-earth-alliance.teachable.com,,717,12,false,true,9,true,true,true,true,LMS/Bypasser,LMS/Bypasser,LMS/Bypasser,both
392959.0,mumsmatterpsychology.teachable.com,,376,7,false,true,1,true,true,true,false,Aspiring,LMS/Bypasser,LMS/Bypasser,only one
526732.0,annie-wright.teachable.com,,692,5,false,true,1,true,true,true,false,Aspiring,LMS/Bypasser,LMS/Bypasser,only one
750926.0,courses.searchhustle.com,,70,4,true,true,2,true,true,true,false,Aspiring,LMS/Bypasser,LMS/Bypasser,only one
1038016.0,webux.designgrowthacademy.com,,347,6,true,true,3,true,true,true,true,LMS/Bypasser,LMS/Bypasser,LMS/Bypasser,both
1621160.0,www.topjob-akademie.de,,31,3,true,true,6,true,true,true,false,Aspiring,LMS/Bypasser,LMS/Bypasser,only one
1641121.0,academy.lotustunes.com,,145,1,true,true,2,true,true,true,false,Aspiring,LMS/Bypasser,LMS/Bypasser,only one
2013594.0,courses.aspirefrontiers.com,,467,6,true,true,2,true,false,true,true,LMS/Bypasser,Aspiring,LMS/Bypasser,only one
2119608.0,yuniert-vargas-s-school.teachable.com,,143,1,false,true,2,true,true,true,true,LMS/Bypasser,LMS/Bypasser,LMS/Bypasser,both
2360947.0,dojo.wise.is,,740,13,true,true,5,true,false,true,true,LMS/Bypasser,Aspiring,LMS/Bypasser,only one
748047.0,illinois-ahec-scholars1.teachable.com,,710,18,false,false,35,true,true,true,true,LMS/Bypasser,LMS/Bypasser,LMS/Bypasser,both
223255.0,patient-advocacy-academy.teachable.com,,196,9,false,true,1,true,true,true,true,LMS/Bypasser,LMS/Bypasser,LMS/Bypasser,both
245335.0,leafwing-university.teachable.com,,290,8,false,false,6,true,true,true,false,Aspiring,LMS/Bypasser,LMS/Bypasser,only one
1668237.0,learn.twotap.art,,89449,72,true,true,6,true,true,true,true,LMS/Bypasser,LMS/Bypasser,LMS/Bypasser,both
147673.0,makeitmsp.teachable.com,,846,3,false,true,5,true,true,true,false,Aspiring,LMS/Bypasser,LMS/Bypasser,only one
534821.0,lumierevirtual.com,62245.0,13647,142,true,false,5,true,true,true,true,LMS/Bypasser,LMS/Bypasser,LMS/Bypasser,both
811107.0,sixsistersstuff.teachable.com,,2860,3,false,true,2,true,false,true,true,LMS/Bypasser,Aspiring,LMS/Bypasser,only one
1056840.0,alignable.teachable.com,,1951,7,false,true,8,true,true,true,true,LMS/Bypasser,LMS/Bypasser,LMS/Bypasser,both
1247472.0,opslock-learning.teachable.com,,359,4,false,true,4,true,false,true,true,LMS/Bypasser,Aspiring,LMS/Bypasser,only one
1351830.0,annie-depasquale-s-school.teachable.com,,212,9,false,true,8,true,true,true,false,Aspiring,LMS/Bypasser,LMS/Bypasser,only one
1697599.0,academie.bakkerspees.nl,,122,5,true,true,9,true,true,true,false,Aspiring,LMS/Bypasser,LMS/Bypasser,only one
2255678.0,www.delfinacademy.com,5677.0,925,10,true,true,1,true,false,true,true,LMS/Bypasser,Aspiring,LMS/Bypasser,only one
564878.0,inspiritaischolars.teachable.com,,33526,1016,false,true,35,true,true,true,true,LMS/Bypasser,LMS/Bypasser,LMS/Bypasser,both
936356.0,training.assessments24x7.com,,1726,18,true,true,6,true,true,true,true,LMS/Bypasser,LMS/Bypasser,LMS/Bypasser,both
145386.0,fundamental-changes.teachable.com,,13223,18,false,true,2,true,true,true,false,Aspiring,LMS/Bypasser,LMS/Bypasser,only one
590977.0,akumosolutions.teachable.com,,240,110,false,true,1,true,true,true,true,LMS/Bypasser,LMS/Bypasser,LMS/Bypasser,both
649932.0,student-success-skills-and-wellness.teachable.com,,364,6,false,false,5,true,false,true,true,LMS/Bypasser,Aspiring,LMS/Bypasser,only one
711329.0,ninamouton.teachable.com,,4925,20,false,false,5,true,true,true,true,LMS/Bypasser,LMS/Bypasser,LMS/Bypasser,both
1076549.0,iteams-training.teachable.com,,529,14,false,true,1,true,true,true,true,LMS/Bypasser,LMS/Bypasser,LMS/Bypasser,both
1335145.0,impactignited.teachable.com,,91,4,false,true,1,true,false,true,true,LMS/Bypasser,Aspiring,LMS/Bypasser,only one
1383347.0,university.lavaautomation.com,,1567,77,true,true,33,true,true,true,true,LMS/Bypasser,LMS/Bypasser,LMS/Bypasser,both
1632387.0,stunning-nj-homes-training-manual.teachable.com,,117,4,false,true,1,true,true,true,false,Aspiring,LMS/Bypasser,LMS/Bypasser,only one
2283608.0,brittany-mayo-s-school.teachable.com,,170,7,false,true,4,true,true,true,true,LMS/Bypasser,LMS/Bypasser,LMS/Bypasser,both
2327278.0,shining-bright-lotus.teachable.com,,31,1,false,true,2,true,false,true,true,LMS/Bypasser,Aspiring,LMS/Bypasser,only one
2385998.0,alamo-fireworks-s-school.teachable.com,,42,1,false,true,1,true,true,true,false,Aspiring,LMS/Bypasser,LMS/Bypasser,only one
1037160.0,cribsforkids.teachable.com,,113111,10,false,true,4,true,true,true,false,Aspiring,LMS/Bypasser,LMS/Bypasser,only one
2266129.0,hr-path-academy.teachable.com,,496,4,false,true,1,true,false,true,true,LMS/Bypasser,Aspiring,LMS/Bypasser,only one
220470.0,wilsongolftraining.teachable.com,,5938,44,false,true,5,true,true,true,true,LMS/Bypasser,LMS/Bypasser,LMS/Bypasser,both
507138.0,brasil-remittance.teachable.com,,42,11,false,true,2,true,true,true,true,LMS/Bypasser,LMS/Bypasser,LMS/Bypasser,both
639699.0,embodied-business.teachable.com,,93,7,false,true,1,true,true,true,false,Aspiring,LMS/Bypasser,LMS/Bypasser,only one
675398.0,new-england-disabled-sports.teachable.com,,519,70,false,true,3,true,true,true,true,LMS/Bypasser,LMS/Bypasser,LMS/Bypasser,both
986226.0,firefly-realty.teachable.com,,30,3,false,true,2,true,true,true,false,Aspiring,LMS/Bypasser,LMS/Bypasser,only one
1515153.0,hormone-health-edu.teachable.com,,52,6,false,true,4,true,true,true,false,Aspiring,LMS/Bypasser,LMS/Bypasser,only one
1726306.0,hamakids-english.teachable.com,,88,5,false,true,4,true,true,true,false,Aspiring,LMS/Bypasser,LMS/Bypasser,only one
2268401.0,bmc-academy-s-school.teachable.com,,152,5,false,false,5,true,false,true,true,LMS/Bypasser,Aspiring,LMS/Bypasser,only one
2665500.0,ovec-hs-ehs-professional-learning-hub.teachable.com,,62,1,false,true,5,true,false,true,true,LMS/Bypasser,Aspiring,LMS/Bypasser,only one
747534.0,invertirdesdecero.teachable.com,,13310,49,false,true,1,true,true,true,true,LMS/Bypasser,LMS/Bypasser,LMS/Bypasser,both
1501587.0,simonsmithonline.teachable.com,,1461,5,false,true,3,true,true,true,true,LMS/Bypasser,LMS/Bypasser,LMS/Bypasser,both
2329757.0,8dot8academy.teachable.com,,5694,17,false,true,2,true,true,true,true,LMS/Bypasser,LMS/Bypasser,LMS/Bypasser,both
2658236.0,aspar-ksb-escuela-sl-s-school.teachable.com,,31,1,false,true,1,true,false,true,true,LMS/Bypasser,Aspiring,LMS/Bypasser,only one
413437.0,isfta.teachable.com,,3832,19,false,true,1,true,true,true,true,LMS/Bypasser,LMS/Bypasser,LMS/Bypasser,both
685172.0,tech.seymourduncan.com,,43519,2,true,true,6,true,true,true,true,LMS/Bypasser,LMS/Bypasser,LMS/Bypasser,both
73436.0,hub.krishnabhaavin.me,,173,94,true,false,1,true,true,true,true,LMS/Bypasser,LMS/Bypasser,LMS/Bypasser,both
530283.0,qualitycourses.gshasolutions.org,,92,16,true,true,10,true,true,true,false,Aspiring,LMS/Bypasser,LMS/Bypasser,only one
1075475.0,the-synapse-hub.teachable.com,,24,3,false,true,3,true,true,true,false,Aspiring,LMS/Bypasser,LMS/Bypasser,only one
1260779.0,rabbet.teachable.com,,574,7,false,true,4,true,true,true,true,LMS/Bypasser,LMS/Bypasser,LMS/Bypasser,both
1304940.0,intelligent-networks.teachable.com,,225,5,false,true,1,true,true,true,true,LMS/Bypasser,LMS/Bypasser,LMS/Bypasser,both
1338065.0,james-king-s-school3.teachable.com,,108,2,false,true,6,true,true,true,false,Aspiring,LMS/Bypasser,LMS/Bypasser,only one
1531120.0,silvia-guardado-s-school.teachable.com,,38,2,false,true,1,true,true,true,false,Aspiring,LMS/Bypasser,LMS/Bypasser,only one
1561502.0,kirkpatrickprice.teachable.com,,37,1,false,true,3,true,true,true,false,Aspiring,LMS/Bypasser,LMS/Bypasser,only one
2039218.0,ccasa-s-school.teachable.com,,169,1,false,true,1,true,true,true,false,Aspiring,LMS/Bypasser,LMS/Bypasser,only one
2681347.0,whosmarted.teachable.com,,261,1,false,true,2,true,false,true,true,LMS/Bypasser,Aspiring,LMS/Bypasser,only one
581627.0,wasedahighschool.teachable.com,,11462,4676,false,true,50,true,true,true,true,LMS/Bypasser,LMS/Bypasser,LMS/Bypasser,both
1721017.0,evisalud-s-school.teachable.com,,4807,28,false,false,3,true,true,true,true,LMS/Bypasser,LMS/Bypasser,LMS/Bypasser,both
2152853.0,professor-ep-s-school.teachable.com,,6130,1,false,true,7,true,true,true,true,LMS/Bypasser,LMS/Bypasser,LMS/Bypasser,both
114745.0,prep.fullstackacademy.com,,13696,2,true,true,1,true,true,true,true,LMS/Bypasser,LMS/Bypasser,LMS/Bypasser,both
302300.0,psts-coaches-development.teachable.com,,211,1,false,true,1,true,true,true,false,Aspiring,LMS/Bypasser,LMS/Bypasser,only one
311018.0,university.cherifmedawar.com,,12767,49,true,true,5,true,true,true,true,LMS/Bypasser,LMS/Bypasser,LMS/Bypasser,both
482791.0,lms.topmentor.com,,11481,134,true,false,1,true,true,true,true,LMS/Bypasser,LMS/Bypasser,LMS/Bypasser,both
637015.0,pabbly-connect-s-school.teachable.com,,117,3,false,true,1,true,true,true,true,LMS/Bypasser,LMS/Bypasser,LMS/Bypasser,both
1211855.0,seme.teachable.com,,149,10,false,false,6,true,false,true,true,LMS/Bypasser,Aspiring,LMS/Bypasser,only one
1409058.0,coachxlive-s-school.teachable.com,,6560,172,false,true,3,true,true,true,true,LMS/Bypasser,LMS/Bypasser,LMS/Bypasser,both
230770.0,styleinnovatorsacademy.teachable.com,,301,6,false,true,2,true,true,true,true,LMS/Bypasser,LMS/Bypasser,LMS/Bypasser,both
510389.0,catalysr.teachable.com,,664,12,false,true,2,true,true,true,true,LMS/Bypasser,LMS/Bypasser,LMS/Bypasser,both
616170.0,tokyosteps-arts.teachable.com,,324,68,false,true,2,true,true,true,true,LMS/Bypasser,LMS/Bypasser,LMS/Bypasser,both
677382.0,innerstellar.teachable.com,,137,8,false,true,2,true,false,true,true,LMS/Bypasser,Aspiring,LMS/Bypasser,only one
713006.0,vtnonprofitlearningcenter.teachable.com,,406,14,false,true,4,true,false,true,true,LMS/Bypasser,Aspiring,LMS/Bypasser,only one
1452774.0,bouten.teachable.com,,160,9,false,true,2,true,true,true,true,LMS/Bypasser,LMS/Bypasser,LMS/Bypasser,both
1486084.0,jacky-staff-s-school.teachable.com,,216,1,false,true,1,true,true,true,true,LMS/Bypasser,LMS/Bypasser,LMS/Bypasser,both
1557740.0,listentoourfuture.teachable.com,,240,8,false,true,1,true,true,true,true,LMS/Bypasser,LMS/Bypasser,LMS/Bypasser,both
1821903.0,bacr-professional-development-courses1.teachable.com,,787,24,false,true,6,true,true,true,true,LMS/Bypasser,LMS/Bypasser,LMS/Bypasser,both
1899772.0,startarium.teachable.com,,1178,11,false,true,21,true,false,true,true,LMS/Bypasser,Aspiring,LMS/Bypasser,only one
2487956.0,talent-garden-s-school.teachable.com,,81,2,false,true,1,true,true,true,true,LMS/Bypasser,LMS/Bypasser,LMS/Bypasser,both
2630573.0,le-practice.teachable.com,,127,4,false,true,7,true,false,true,true,LMS/Bypasser,Aspiring,LMS/Bypasser,only one
632698.0,mackin-academy.teachable.com,,1551,5,false,true,8,true,false,true,true,LMS/Bypasser,Aspiring,LMS/Bypasser,only one
638263.0,educacion.yaipan.com,,1371,82,true,true,3,true,true,true,true,LMS/Bypasser,LMS/Bypasser,LMS/Bypasser,both
1157829.0,specialty-sales-marketing-training.teachable.com,,32,8,false,true,1,true,false,true,true,LMS/Bypasser,Aspiring,LMS/Bypasser,only one
1419232.0,vefskoli-kn.teachable.com,,158,12,false,true,4,true,false,true,true,LMS/Bypasser,Aspiring,LMS/Bypasser,only one
1681923.0,mentefeliz.org,,634,5,true,true,4,true,true,true,true,LMS/Bypasser,LMS/Bypasser,LMS/Bypasser,both
2239528.0,investisseursautonomes.teachable.com,,107,1,false,true,1,true,true,true,true,LMS/Bypasser,LMS/Bypasser,LMS/Bypasser,both
1646233.0,academy.adsmurai.com,,716,30,true,true,8,true,true,true,true,LMS/Bypasser,LMS/Bypasser,LMS/Bypasser,both
319896.0,school.gogopartners.com,,635,33,true,true,7,true,true,true,true,LMS/Bypasser,LMS/Bypasser,LMS/Bypasser,both
821634.0,universidadeholmes.teachable.com,,4064,7,false,true,9,true,true,true,true,LMS/Bypasser,LMS/Bypasser,LMS/Bypasser,both
916431.0,aeg-academy.teachable.com,,94,2,false,true,1,true,false,true,true,LMS/Bypasser,Aspiring,LMS/Bypasser,only one
991265.0,fmm-team.teachable.com,,34,13,false,true,1,true,true,true,false,Aspiring,LMS/Bypasser,LMS/Bypasser,only one
1194892.0,empt-solutions-s-academy.teachable.com,,389,17,false,true,1,true,false,true,true,LMS/Bypasser,Aspiring,LMS/Bypasser,only one
1332910.0,samara-daise-s-school.teachable.com,,245,1,false,true,1,true,true,true,true,LMS/Bypasser,LMS/Bypasser,LMS/Bypasser,both
1343732.0,uniq-academy.teachable.com,,343,1,false,true,2,true,true,true,false,Aspiring,LMS/Bypasser,LMS/Bypasser,only one
2562999.0,jenna-nkosi-s-school.teachable.com,,25,1,false,true,1,true,false,true,true,LMS/Bypasser,Aspiring,LMS/Bypasser,only one
500061.0,conceptmath.teachable.com,,5492,41,false,true,14,true,true,true,true,LMS/Bypasser,LMS/Bypasser,LMS/Bypasser,both
2600997.0,genc-s-school.teachable.com,,62,2,false,true,1,true,true,true,true,LMS/Bypasser,LMS/Bypasser,LMS/Bypasser,both
180167.0,teach-me-22.teachable.com,,10512,10,false,true,2,true,true,true,false,Aspiring,LMS/Bypasser,LMS/Bypasser,only one
306396.0,alder.teachable.com,,2360,6,false,true,7,true,true,true,true,LMS/Bypasser,LMS/Bypasser,LMS/Bypasser,both
344654.0,dehoofdzaken.teachable.com,,456,4,false,true,2,true,true,true,true,LMS/Bypasser,LMS/Bypasser,LMS/Bypasser,both
366081.0,1080motion.teachable.com,,1697,14,false,true,6,true,true,true,true,LMS/Bypasser,LMS/Bypasser,LMS/Bypasser,both
711405.0,cursus.funnelguru.nl,,137,7,true,true,3,true,true,true,false,Aspiring,LMS/Bypasser,LMS/Bypasser,only one
1291054.0,ejusa.teachable.com,,307,5,false,true,14,true,false,true,true,LMS/Bypasser,Aspiring,LMS/Bypasser,only one
1433236.0,expand-nigeria.teachable.com,,59,3,false,true,12,true,true,true,true,LMS/Bypasser,LMS/Bypasser,LMS/Bypasser,both
1560173.0,magdalena-british.teachable.com,,2151,15,false,true,1,true,true,true,true,LMS/Bypasser,LMS/Bypasser,LMS/Bypasser,both
2075705.0,actschurches.teachable.com,,242,1,false,true,3,true,true,true,true,LMS/Bypasser,LMS/Bypasser,LMS/Bypasser,both
2349202.0,rematriatingeconomies.teachable.com,,19,1,false,true,1,true,true,true,false,Aspiring,LMS/Bypasser,LMS/Bypasser,only one
325427.0,tu-instituto-biblico1.teachable.com,,46784,27,false,true,9,true,true,true,true,LMS/Bypasser,LMS/Bypasser,LMS/Bypasser,both
1268674.0,global-community-tourism-network.teachable.com,,1196,38,false,true,8,true,true,true,false,Aspiring,LMS/Bypasser,LMS/Bypasser,only one
143521.0,hustle-u.teachable.com,,1590,5,false,true,4,true,true,true,true,LMS/Bypasser,LMS/Bypasser,LMS/Bypasser,both
890440.0,studentsunion.teachable.com,,203,11,false,true,2,true,true,true,false,Aspiring,LMS/Bypasser,LMS/Bypasser,only one
1271486.0,emotionaleatingcourse.teachable.com,,276,1,false,true,1,true,true,true,true,LMS/Bypasser,LMS/Bypasser,LMS/Bypasser,both
1426834.0,www.deepacademy.it,568.0,11456,99,true,true,5,true,true,true,true,LMS/Bypasser,LMS/Bypasser,LMS/Bypasser,both
2190671.0,education.vestinda.com,,219,9,true,true,4,true,true,true,true,LMS/Bypasser,LMS/Bypasser,LMS/Bypasser,both
2209600.0,icon-tcc.teachable.com,,39,2,false,true,1,true,false,true,true,LMS/Bypasser,Aspiring,LMS/Bypasser,only one
856558.0,avise-elearning.teachable.com,,246,2,false,true,2,true,false,true,true,LMS/Bypasser,Aspiring,LMS/Bypasser,only one
559240.0,goingvc.teachable.com,,1590,8,false,true,3,true,true,true,true,LMS/Bypasser,LMS/Bypasser,LMS/Bypasser,both
641444.0,yogabeez-childrens-yoga-school.teachable.com,,193,3,false,true,3,true,true,true,false,Aspiring,LMS/Bypasser,LMS/Bypasser,only one
761276.0,uni-goque.teachable.com,,1133,13,false,true,9,true,true,true,true,LMS/Bypasser,LMS/Bypasser,LMS/Bypasser,both
1164579.0,theworldmath.teachable.com,,782,136,false,false,3,true,true,true,true,LMS/Bypasser,LMS/Bypasser,LMS/Bypasser,both
1198365.0,dreams-s-school.teachable.com,,105,2,false,true,2,true,true,true,false,Aspiring,LMS/Bypasser,LMS/Bypasser,only one
1206792.0,cloudsigma.teachable.com,,207,2,false,true,6,true,true,true,false,Aspiring,LMS/Bypasser,LMS/Bypasser,only one
1424400.0,jenwagnerco.teachable.com,,142,3,false,true,1,true,false,true,true,LMS/Bypasser,Aspiring,LMS/Bypasser,only one
1561479.0,chad-schroeder-s-school.teachable.com,,76,4,false,true,1,true,false,true,true,LMS/Bypasser,Aspiring,LMS/Bypasser,only one
251259.0,embracegrace.teachable.com,,11820,14,false,true,17,true,true,true,true,LMS/Bypasser,LMS/Bypasser,LMS/Bypasser,both
2169814.0,course.gudmaipoi.com,,810,6,true,false,1,true,false,true,true,LMS/Bypasser,Aspiring,LMS/Bypasser,only one
1411935.0,www.wileyresearcheracademy.com,,17348,59,true,true,5,true,true,true,true,LMS/Bypasser,LMS/Bypasser,LMS/Bypasser,both
2233741.0,dmba.teachable.com,,414,2,false,true,1,true,true,true,true,LMS/Bypasser,LMS/Bypasser,LMS/Bypasser,both
276968.0,the-summit-group.teachable.com,,976,39,false,true,8,true,true,true,true,LMS/Bypasser,LMS/Bypasser,LMS/Bypasser,both
866300.0,jennifer-academy.teachable.com,,850,37,false,true,4,true,true,true,true,LMS/Bypasser,LMS/Bypasser,LMS/Bypasser,both
1180951.0,lts-academy.teachable.com,,301,7,false,true,1,true,true,true,true,LMS/Bypasser,LMS/Bypasser,LMS/Bypasser,both
1204259.0,housekeeping-maid-easy.teachable.com,,43,2,false,true,1,true,true,true,false,Aspiring,LMS/Bypasser,LMS/Bypasser,only one
1381610.0,strategic-planning-for-climate-nonprofits.teachable.com,,231,2,false,true,3,true,false,true,true,LMS/Bypasser,Aspiring,LMS/Bypasser,only one
2612925.0,www.worldstocksacademy.com,,48,1,true,true,1,true,true,true,false,Aspiring,LMS/Bypasser,LMS/Bypasser,only one
2661560.0,jasmine-simms-s-school.teachable.com,,35,2,false,true,1,true,false,true,true,LMS/Bypasser,Aspiring,LMS/Bypasser,only one
1285813.0,mhe-center-s-school.teachable.com,,1431,2,false,true,2,true,true,true,true,LMS/Bypasser,LMS/Bypasser,LMS/Bypasser,both
358426.0,lifelongreaders.teachable.com,,3042,16,false,true,5,true,true,true,true,LMS/Bypasser,LMS/Bypasser,LMS/Bypasser,both
624041.0,endomag.teachable.com,,509,9,false,true,4,true,true,true,true,LMS/Bypasser,LMS/Bypasser,LMS/Bypasser,both
939044.0,paininmotion.teachable.com,,21,2,false,true,2,true,true,true,false,Aspiring,LMS/Bypasser,LMS/Bypasser,only one
1121510.0,wilson-hill-academy.teachable.com,,684,12,false,true,2,true,true,true,false,Aspiring,LMS/Bypasser,LMS/Bypasser,only one
1227413.0,id-liner-online-training.teachable.com,,363,11,false,true,2,true,true,true,false,Aspiring,LMS/Bypasser,LMS/Bypasser,only one
1361163.0,volunteer-anitab-s-school.teachable.com,,597,8,false,true,8,true,false,true,true,LMS/Bypasser,Aspiring,LMS/Bypasser,only one
1594797.0,flymedpoeng.teachable.com,,434,4,false,true,2,true,true,true,true,LMS/Bypasser,LMS/Bypasser,LMS/Bypasser,both
1596204.0,gassen-university.teachable.com,,138,6,false,true,5,true,true,true,true,LMS/Bypasser,LMS/Bypasser,LMS/Bypasser,both
1612150.0,personatrainingresources.teachable.com,,370,9,false,true,6,true,true,true,true,LMS/Bypasser,LMS/Bypasser,LMS/Bypasser,both
1612284.0,maximize-university1.teachable.com,,133,7,false,true,1,true,true,true,true,LMS/Bypasser,LMS/Bypasser,LMS/Bypasser,both
1869658.0,webshark-academy.teachable.com,,586,8,false,true,1,true,true,true,false,Aspiring,LMS/Bypasser,LMS/Bypasser,only one
1048095.0,cceagfoodproducersacademy.teachable.com,,175,15,false,true,7,true,true,true,true,LMS/Bypasser,LMS/Bypasser,LMS/Bypasser,both
1076559.0,ctoam-precision-oncology-education-and-self-ad.teachable.com,,1056,1,false,false,13,true,true,true,true,LMS/Bypasser,LMS/Bypasser,LMS/Bypasser,both
413954.0,phantastics.teachable.com,,1338,2,false,false,3,true,true,true,true,LMS/Bypasser,LMS/Bypasser,LMS/Bypasser,both
758747.0,theheartofliving.teachable.com,,135,12,false,true,2,true,true,true,false,Aspiring,LMS/Bypasser,LMS/Bypasser,only one
1831351.0,center-for-learning.teachable.com,,249,6,false,true,1,true,false,true,true,LMS/Bypasser,Aspiring,LMS/Bypasser,only one
2000493.0,emily-collignon-s-school.teachable.com,,169,5,false,true,6,true,true,true,false,Aspiring,LMS/Bypasser,LMS/Bypasser,only one
2037094.0,incrementoo-academy.teachable.com,,76,11,false,true,3,true,true,true,false,Aspiring,LMS/Bypasser,LMS/Bypasser,only one
2224799.0,keyquest-tax-academy-s-school.teachable.com,,34,2,false,true,1,true,true,true,false,Aspiring,LMS/Bypasser,LMS/Bypasser,only one
2619477.0,app.virtu8sacademy.com,,39,7,true,false,2,true,true,true,true,LMS/Bypasser,LMS/Bypasser,LMS/Bypasser,both
337068.0,warhead-training.teachable.com,,27178,9,false,true,4,true,true,true,true,LMS/Bypasser,LMS/Bypasser,LMS/Bypasser,both
1507327.0,www.ichi-gaguild.net,,933,5,true,false,1,true,true,true,false,Aspiring,LMS/Bypasser,LMS/Bypasser,only one
1956350.0,mcgrathtraining.teachable.com,,10276,31,false,true,11,true,true,true,true,LMS/Bypasser,LMS/Bypasser,LMS/Bypasser,both
257980.0,e2i.teachable.com,,179,9,false,true,1,true,true,true,true,LMS/Bypasser,LMS/Bypasser,LMS/Bypasser,both
335616.0,training.youngcitizens.org,,3313,12,true,true,5,true,true,true,true,LMS/Bypasser,LMS/Bypasser,LMS/Bypasser,both
395205.0,heal-your-hormones-immersion.teachable.com,,2462,28,false,true,5,true,true,true,true,LMS/Bypasser,LMS/Bypasser,LMS/Bypasser,both
948304.0,poppystherapeuticcornertrainings.teachable.com,,121,47,false,true,1,true,true,true,true,LMS/Bypasser,LMS/Bypasser,LMS/Bypasser,both
1011283.0,uwminternaltraining.teachable.com,,130,28,false,true,5,true,true,true,true,LMS/Bypasser,LMS/Bypasser,LMS/Bypasser,both
1126022.0,king-s-league.teachable.com,,9809,55,false,true,9,true,true,true,true,LMS/Bypasser,LMS/Bypasser,LMS/Bypasser,both
1432400.0,step-up-to-net-zero.teachable.com,,125,4,false,true,3,true,true,true,false,Aspiring,LMS/Bypasser,LMS/Bypasser,only one
1733555.0,minnesota-air-university.teachable.com,,66,5,false,true,7,true,false,true,true,LMS/Bypasser,Aspiring,LMS/Bypasser,only one
2578859.0,daniel-fankhauser-s-school1.teachable.com,,345,1,false,true,1,true,false,true,true,LMS/Bypasser,Aspiring,LMS/Bypasser,only one
691444.0,bread-head.teachable.com,,221,9,false,true,12,true,true,true,true,LMS/Bypasser,LMS/Bypasser,LMS/Bypasser,both
715555.0,the-education-group-ltd.teachable.com,,2722,29,false,true,7,true,true,true,true,LMS/Bypasser,LMS/Bypasser,LMS/Bypasser,both
803488.0,flockz-commercial-cleaning.teachable.com,,16,0,false,true,3,true,true,true,false,Aspiring,LMS/Bypasser,LMS/Bypasser,only one
1412463.0,caringsg-limited.teachable.com,,917,65,false,true,2,true,true,true,true,LMS/Bypasser,LMS/Bypasser,LMS/Bypasser,both
1416678.0,anchorpointchurch.teachable.com,,360,3,false,true,3,true,true,true,true,LMS/Bypasser,LMS/Bypasser,LMS/Bypasser,both
1983821.0,leah-o-brien-s-school.teachable.com,,101,6,false,true,1,true,true,true,true,LMS/Bypasser,LMS/Bypasser,LMS/Bypasser,both
2107739.0,safety-and-detection.teachable.com,,47,5,false,true,7,true,true,true,true,LMS/Bypasser,LMS/Bypasser,LMS/Bypasser,both
2169828.0,thrivingautistic.teachable.com,,164,6,false,true,6,true,true,true,true,LMS/Bypasser,LMS/Bypasser,LMS/Bypasser,both
2226914.0,gfs-ndt-online-training-portal.teachable.com,,43,4,false,true,1,true,false,true,true,LMS/Bypasser,Aspiring,LMS/Bypasser,only one
2232866.0,a-switch-trouwe-klanten-winnen.teachable.com,,408,3,false,true,1,true,true,true,true,LMS/Bypasser,LMS/Bypasser,LMS/Bypasser,both
2375437.0,diydecoratorschool.teachable.com,,315,3,false,true,1,true,false,true,true,LMS/Bypasser,Aspiring,LMS/Bypasser,only one
337407.0,the-safety-process1.teachable.com,,2250,5,false,true,2,true,true,true,true,LMS/Bypasser,LMS/Bypasser,LMS/Bypasser,both
631398.0,academy.bizbraintech.com,,579,28,true,true,8,true,true,true,true,LMS/Bypasser,LMS/Bypasser,LMS/Bypasser,both
997256.0,architect-society.teachable.com,,606,15,false,true,1,true,true,true,true,LMS/Bypasser,LMS/Bypasser,LMS/Bypasser,both
1155459.0,direct-north-consulting-inc.teachable.com,,100,1,false,true,1,true,true,true,true,LMS/Bypasser,LMS/Bypasser,LMS/Bypasser,both
1170522.0,insighter-essential.teachable.com,,785,84,false,true,2,true,true,true,true,LMS/Bypasser,LMS/Bypasser,LMS/Bypasser,both
1255560.0,okrs-at-the-center.teachable.com,,159,1,false,true,2,true,true,true,true,LMS/Bypasser,LMS/Bypasser,LMS/Bypasser,both
1812512.0,transcenduniversity.teachable.com,,629,2,false,true,5,true,true,true,true,LMS/Bypasser,LMS/Bypasser,LMS/Bypasser,both
2062461.0,remax-power-s-school.teachable.com,,102,3,false,false,5,true,true,true,false,Aspiring,LMS/Bypasser,LMS/Bypasser,only one
2127669.0,indigenous-yoga-collective-rooted-resiliency-2.teachable.com,,122,1,false,false,3,true,true,true,true,LMS/Bypasser,LMS/Bypasser,LMS/Bypasser,both
1311417.0,courses.arize.com,,7603,9,true,true,15,true,false,true,true,LMS/Bypasser,Aspiring,LMS/Bypasser,only one
568679.0,schule.dein-sprachcoach.de,,39620,15,true,true,16,true,true,true,true,LMS/Bypasser,LMS/Bypasser,LMS/Bypasser,both
2464085.0,academy.nfenglish.net,,3725,6,true,false,4,true,true,true,true,LMS/Bypasser,LMS/Bypasser,LMS/Bypasser,both
356265.0,iffhealth.teachable.com,,2985,2,false,true,3,true,true,true,true,LMS/Bypasser,LMS/Bypasser,LMS/Bypasser,both
363219.0,branddealaccelerator.teachable.com,,286,1,false,true,1,true,false,true,true,LMS/Bypasser,Aspiring,LMS/Bypasser,only one
458589.0,cindylish.teachable.com,,511,4,false,true,2,true,true,true,true,LMS/Bypasser,LMS/Bypasser,LMS/Bypasser,both
512716.0,resocoder.academy,,544,4,true,true,1,true,true,true,true,LMS/Bypasser,LMS/Bypasser,LMS/Bypasser,both
673563.0,swahsn.teachable.com,,255,4,false,true,1,true,true,true,true,LMS/Bypasser,LMS/Bypasser,LMS/Bypasser,both
1338751.0,combe-grove.teachable.com,,498,11,false,true,3,true,true,true,true,LMS/Bypasser,LMS/Bypasser,LMS/Bypasser,both
1352716.0,academia-jack-experts.teachable.com,,156,8,false,true,2,true,true,true,true,LMS/Bypasser,LMS/Bypasser,LMS/Bypasser,both
1521494.0,rajni-singh-s-school.teachable.com,,4523,6,false,false,5,true,true,true,true,LMS/Bypasser,LMS/Bypasser,LMS/Bypasser,both
2002038.0,fulfilledlifepathways.com,,182,6,true,true,1,true,true,true,true,LMS/Bypasser,LMS/Bypasser,LMS/Bypasser,both
382492.0,iamgroots.teachable.com,,216,11,false,true,1,true,true,true,false,Aspiring,LMS/Bypasser,LMS/Bypasser,only one
1185247.0,teach.kqed.org,,9765,27,true,true,8,true,true,true,false,Aspiring,LMS/Bypasser,LMS/Bypasser,only one
2633118.0,gardener-s-pride-s-school.teachable.com,,137,2,false,true,3,true,true,true,true,LMS/Bypasser,LMS/Bypasser,LMS/Bypasser,both
608565.0,dwapac.teachable.com,,300,11,false,true,1,true,true,true,true,LMS/Bypasser,LMS/Bypasser,LMS/Bypasser,both
753373.0,ibiology.krupbas.com,,8282,59,true,false,6,true,true,true,true,LMS/Bypasser,LMS/Bypasser,LMS/Bypasser,both
922883.0,biometriq.teachable.com,,596,6,false,true,1,true,true,true,true,LMS/Bypasser,LMS/Bypasser,LMS/Bypasser,both
1389221.0,aileyschoolhortonpedagodycertification.teachable.com,,74,3,false,true,9,true,false,true,true,LMS/Bypasser,Aspiring,LMS/Bypasser,only one
2213212.0,ramona-chihaia-s-school.teachable.com,,36,4,false,true,1,true,true,true,false,Aspiring,LMS/Bypasser,LMS/Bypasser,only one
2307612.0,nb-compliance-and-risk-academy.teachable.com,,38,1,false,true,1,true,false,true,true,LMS/Bypasser,Aspiring,LMS/Bypasser,only one
2374523.0,head-start-centros-sor-isolina-ferre.teachable.com,,335,11,false,true,3,true,true,true,true,LMS/Bypasser,LMS/Bypasser,LMS/Bypasser,both
369792.0,license-dashboard.teachable.com,,562,14,false,true,6,true,true,true,true,LMS/Bypasser,LMS/Bypasser,LMS/Bypasser,both
666781.0,dcpacademy.teachable.com,,6291,85,false,true,2,true,true,true,true,LMS/Bypasser,LMS/Bypasser,LMS/Bypasser,both
887910.0,sriettc.teachable.com,,14847,13,false,true,5,true,true,true,true,LMS/Bypasser,LMS/Bypasser,LMS/Bypasser,both
2685082.0,amz-launch.teachable.com,,93,1,false,true,1,true,false,true,true,LMS/Bypasser,Aspiring,LMS/Bypasser,only one
363455.0,moneyintelligenceacademy.com,,76,4,true,true,9,true,true,true,true,LMS/Bypasser,LMS/Bypasser,LMS/Bypasser,both
1295697.0,parents-of-addicted-loved-ones.teachable.com,,242,1,false,true,1,true,true,true,false,Aspiring,LMS/Bypasser,LMS/Bypasser,only one
1328533.0,killerspin.teachable.com,,37,1,false,true,3,true,true,true,false,Aspiring,LMS/Bypasser,LMS/Bypasser,only one
1598732.0,macroproject.teachable.com,,73,5,false,true,1,true,true,true,false,Aspiring,LMS/Bypasser,LMS/Bypasser,only one
1704847.0,therecruitmentplace.teachable.com,,10660,7,false,true,6,true,true,true,true,LMS/Bypasser,LMS/Bypasser,LMS/Bypasser,both
1998983.0,simmigoh-pta.teachable.com,,1020,4,false,true,1,true,false,true,true,LMS/Bypasser,Aspiring,LMS/Bypasser,only one
2532046.0,conzia.teachable.com,,32,1,false,true,1,true,true,true,false,Aspiring,LMS/Bypasser,LMS/Bypasser,only one
2591103.0,www.runnerrabbit.com,,51,1,true,false,1,true,false,true,true,LMS/Bypasser,Aspiring,LMS/Bypasser,only one
626143.0,equicenter-farm-therapeutic-horticulture.teachable.com,,243,27,false,true,5,true,false,true,true,LMS/Bypasser,Aspiring,LMS/Bypasser,only one
400868.0,diveblu3.teachable.com,,5887,4,false,true,2,true,true,true,false,Aspiring,LMS/Bypasser,LMS/Bypasser,only one
458926.0,bgtraining.teachable.com,,31,2,false,true,1,true,true,true,false,Aspiring,LMS/Bypasser,LMS/Bypasser,only one
1008627.0,hersacredjourney.teachable.com,,26,1,false,true,1,true,false,true,true,LMS/Bypasser,Aspiring,LMS/Bypasser,only one
1098843.0,rock-solid-authentic-education-and-training-academy.teachable.com,,131,4,false,true,4,true,true,true,false,Aspiring,LMS/Bypasser,LMS/Bypasser,only one
1293100.0,wavesofwellness.teachable.com,,83,5,false,true,3,true,true,true,true,LMS/Bypasser,LMS/Bypasser,LMS/Bypasser,both
1465098.0,careoregon.teachable.com,,3870,4,false,true,5,true,true,true,false,Aspiring,LMS/Bypasser,LMS/Bypasser,only one
1492222.0,netgain.teachable.com,,877,29,false,true,13,true,false,true,true,LMS/Bypasser,Aspiring,LMS/Bypasser,only one
1659296.0,pocket-s-school1.teachable.com,,114,3,false,true,2,true,true,true,false,Aspiring,LMS/Bypasser,LMS/Bypasser,only one
231306.0,andreiacarvalho.teachable.com,,228,24,false,true,1,true,true,true,true,LMS/Bypasser,LMS/Bypasser,LMS/Bypasser,both
264483.0,school.tkkader.com,,1405,8,true,true,4,true,true,true,true,LMS/Bypasser,LMS/Bypasser,LMS/Bypasser,both
421152.0,learn.worldeeinstitute.com,,125,1,true,true,1,true,true,true,false,Aspiring,LMS/Bypasser,LMS/Bypasser,only one
457984.0,ivitskiy.teachable.com,,5809,76,false,false,6,true,true,true,true,LMS/Bypasser,LMS/Bypasser,LMS/Bypasser,both
901457.0,formation-woouf.teachable.com,,85,7,false,true,2,true,true,true,false,Aspiring,LMS/Bypasser,LMS/Bypasser,only one
1470992.0,4voices-academy.teachable.com,,135,1,false,true,1,true,true,true,true,LMS/Bypasser,LMS/Bypasser,LMS/Bypasser,both
1751182.0,thomas-kala-s-school.teachable.com,,40,2,false,true,1,true,true,true,false,Aspiring,LMS/Bypasser,LMS/Bypasser,only one
1792467.0,academy.siena.cx,,997,2,true,true,6,true,true,true,true,LMS/Bypasser,LMS/Bypasser,LMS/Bypasser,both
2367636.0,moxied2dsales.teachable.com,,1441,15,false,true,5,true,true,true,true,LMS/Bypasser,LMS/Bypasser,LMS/Bypasser,both
249676.0,the-selfcare-academy-for-women-leaders.teachable.com,,6,0,false,true,1,false,true,true,false,Aspiring,LMS/Bypasser,LMS/Bypasser,only one
592021.0,biogeometry.teachable.com,,1644,49,false,true,3,true,true,true,true,LMS/Bypasser,LMS/Bypasser,LMS/Bypasser,both
2093516.0,engineears-s-school.teachable.com,,340,10,false,true,4,true,true,true,true,LMS/Bypasser,LMS/Bypasser,LMS/Bypasser,both
2121520.0,sheba-cohort-community.teachable.com,,134,8,false,true,6,true,true,true,true,LMS/Bypasser,LMS/Bypasser,LMS/Bypasser,both
2126736.0,mike-sieben-s-school.teachable.com,,159,1,false,true,1,true,false,true,true,LMS/Bypasser,Aspiring,LMS/Bypasser,only one
263273.0,school.builditlab.org,,7267,5,true,true,1,true,true,true,true,LMS/Bypasser,LMS/Bypasser,LMS/Bypasser,both
1014167.0,americandatanetwork.teachable.com,,161,36,false,true,5,true,true,true,true,LMS/Bypasser,LMS/Bypasser,LMS/Bypasser,both
1674760.0,learn.jungtalents.com,,698,26,true,true,15,true,true,true,true,LMS/Bypasser,LMS/Bypasser,LMS/Bypasser,both
1732437.0,rubaroctraining.com,,358,1,true,true,6,true,true,true,false,Aspiring,LMS/Bypasser,LMS/Bypasser,only one
1948448.0,walton-county-poll-worker-university.teachable.com,,254,6,false,true,6,true,true,true,true,LMS/Bypasser,LMS/Bypasser,LMS/Bypasser,both
2183792.0,clinical-education-associates.teachable.com,,450,4,false,true,3,true,false,true,true,LMS/Bypasser,Aspiring,LMS/Bypasser,only one
134156.0,academy.auvo.com.br,,4926,12,true,true,2,true,false,true,true,LMS/Bypasser,Aspiring,LMS/Bypasser,only one
642739.0,academy.fatheranation.co.za,,13887,8,true,true,7,true,true,true,false,Aspiring,LMS/Bypasser,LMS/Bypasser,only one
1441828.0,revoltecom.teachable.com,,3182,3,false,false,3,true,true,true,false,Aspiring,LMS/Bypasser,LMS/Bypasser,only one
1461298.0,campus.aevyvideoschool.com,,4638,21,true,true,5,true,true,true,true,LMS/Bypasser,LMS/Bypasser,LMS/Bypasser,both
1967990.0,land-insights.teachable.com,,1490,2,false,true,1,true,true,true,true,LMS/Bypasser,LMS/Bypasser,LMS/Bypasser,both
2459722.0,pamela-durepos-s-school.teachable.com,,204,7,false,true,7,true,true,true,true,LMS/Bypasser,LMS/Bypasser,LMS/Bypasser,both
2550642.0,app.gerotalent.com,,210,1,true,true,1,true,true,true,false,Aspiring,LMS/Bypasser,LMS/Bypasser,only one
623034.0,sarahjaneperman.teachable.com,,133,8,false,true,1,true,true,true,true,LMS/Bypasser,LMS/Bypasser,LMS/Bypasser,both
982019.0,le-campus.teachable.com,,72,40,false,true,4,true,true,true,true,LMS/Bypasser,LMS/Bypasser,LMS/Bypasser,both
1210381.0,liyo.teachable.com,,47,1,false,true,1,true,false,true,true,LMS/Bypasser,Aspiring,LMS/Bypasser,only one
1305179.0,pelvichealthinstitute.teachable.com,,260,11,false,true,2,true,true,true,true,LMS/Bypasser,LMS/Bypasser,LMS/Bypasser,both
1341075.0,datumate.teachable.com,,472,9,false,true,4,true,true,true,true,LMS/Bypasser,LMS/Bypasser,LMS/Bypasser,both
2134156.0,ninadesignvirtual.teachable.com,,559,2,false,false,4,true,true,true,true,LMS/Bypasser,LMS/Bypasser,LMS/Bypasser,both
734829.0,miacademy.teachable.com,,258,20,false,true,6,true,true,true,true,LMS/Bypasser,LMS/Bypasser,LMS/Bypasser,both
1362517.0,data-science-bootcamp1.teachable.com,,40302,23,false,true,5,true,true,true,true,LMS/Bypasser,LMS/Bypasser,LMS/Bypasser,both
1944710.0,institutolibertia.teachable.com,,151,8,false,true,8,true,true,true,true,LMS/Bypasser,LMS/Bypasser,LMS/Bypasser,both
2151429.0,ari-ttad-program.teachable.com,,79,3,false,true,4,true,false,true,true,LMS/Bypasser,Aspiring,LMS/Bypasser,only one
879068.0,kingdom-fellowship-ame-church.teachable.com,,341,21,false,true,7,true,true,true,true,LMS/Bypasser,LMS/Bypasser,LMS/Bypasser,both
1216408.0,msta.teachable.com,,3004,88,false,true,24,true,true,true,true,LMS/Bypasser,LMS/Bypasser,LMS/Bypasser,both
195073.0,fiks.teachable.com,,189,2,false,true,1,true,true,true,false,Aspiring,LMS/Bypasser,LMS/Bypasser,only one
384161.0,arbor.teachable.com,,956,25,false,true,5,true,true,true,true,LMS/Bypasser,LMS/Bypasser,LMS/Bypasser,both
1142736.0,landmarkagent.teachable.com,,2899,23,false,true,6,true,true,true,false,Aspiring,LMS/Bypasser,LMS/Bypasser,only one
1145687.0,credit-repair-australia.teachable.com,,325,45,false,true,7,true,true,true,true,LMS/Bypasser,LMS/Bypasser,LMS/Bypasser,both
1151441.0,courses.mentoracademypro.com,,5594,20,true,false,2,true,true,true,true,LMS/Bypasser,LMS/Bypasser,LMS/Bypasser,both
1207689.0,affiliatementor.teachable.com,,187,1,false,true,1,true,true,true,false,Aspiring,LMS/Bypasser,LMS/Bypasser,only one
1604251.0,kavi-m-m-lybarger-s-school.teachable.com,,5225,10,false,false,5,true,false,true,true,LMS/Bypasser,Aspiring,LMS/Bypasser,only one
1684362.0,semsec.teachable.com,,2944,15,false,true,10,true,true,true,true,LMS/Bypasser,LMS/Bypasser,LMS/Bypasser,both
1703119.0,delta-create-llc-s-school.teachable.com,,693,6,false,true,1,true,true,true,true,LMS/Bypasser,LMS/Bypasser,LMS/Bypasser,both
1976630.0,ctrsprogram.com,,300,16,true,true,3,true,true,true,true,LMS/Bypasser,LMS/Bypasser,LMS/Bypasser,both
2175632.0,israa-oraibi-s-school.teachable.com,,82,6,false,true,1,true,false,true,true,LMS/Bypasser,Aspiring,LMS/Bypasser,only one
2330772.0,amenitizacademy.teachable.com,,190,11,false,true,13,true,true,true,true,LMS/Bypasser,LMS/Bypasser,LMS/Bypasser,both
560775.0,kundaliniyogaakademin.teachable.com,,604,11,false,true,1,true,true,true,true,LMS/Bypasser,LMS/Bypasser,LMS/Bypasser,both
2220232.0,danny-martoe-s-school.teachable.com,,153,8,false,true,1,true,true,true,false,Aspiring,LMS/Bypasser,LMS/Bypasser,only one
109442.0,www.edufamily-online.com,1713.0,346,12,true,true,3,true,false,true,true,LMS/Bypasser,Aspiring,LMS/Bypasser,only one
235422.0,training.tattoovanishmethod.com,,207,2,true,true,1,true,true,true,false,Aspiring,LMS/Bypasser,LMS/Bypasser,only one
270985.0,credence.teachable.com,,602,15,false,true,9,true,true,true,false,Aspiring,LMS/Bypasser,LMS/Bypasser,only one
337794.0,questuniversity.teachable.com,,46,2,false,true,1,true,true,true,false,Aspiring,LMS/Bypasser,LMS/Bypasser,only one
1119712.0,5rhythms-global.teachable.com,,298,3,false,true,4,true,true,true,true,LMS/Bypasser,LMS/Bypasser,LMS/Bypasser,both
1692242.0,6641.teachable.com,,757,5,false,true,1,true,true,true,true,LMS/Bypasser,LMS/Bypasser,LMS/Bypasser,both
2087995.0,artistic-co-s-school1.teachable.com,,133,2,false,true,1,true,true,true,false,Aspiring,LMS/Bypasser,LMS/Bypasser,only one
2173001.0,brandon-turley-s-school.teachable.com,,34,2,false,true,3,true,true,true,false,Aspiring,LMS/Bypasser,LMS/Bypasser,only one
2366826.0,study.libertyinnorthkorea.org,,756,1,true,true,4,true,true,true,true,LMS/Bypasser,LMS/Bypasser,LMS/Bypasser,both
337958.0,pipefyacademy.teachable.com,,45314,111,false,true,12,true,true,true,false,Aspiring,LMS/Bypasser,LMS/Bypasser,only one
1500567.0,course.raketementoring.com,,140,3,true,true,2,true,false,true,true,LMS/Bypasser,Aspiring,LMS/Bypasser,only one
530043.0,brooklynk-bpbc.teachable.com,,1562,12,false,true,2,true,true,true,true,LMS/Bypasser,LMS/Bypasser,LMS/Bypasser,both
650272.0,iccs-academy.teachable.com,,65,2,false,true,2,true,true,true,true,LMS/Bypasser,LMS/Bypasser,LMS/Bypasser,both
1455865.0,fortify-institute1.teachable.com,,168,7,false,true,3,true,false,true,true,LMS/Bypasser,Aspiring,LMS/Bypasser,only one
1933035.0,bob-dunham.teachable.com,,34,2,false,true,2,true,false,true,true,LMS/Bypasser,Aspiring,LMS/Bypasser,only one
2177190.0,soulgarden.sebastianbiolik.com,,36,4,true,true,1,true,true,true,false,Aspiring,LMS/Bypasser,LMS/Bypasser,only one
2688555.0,varvip.teachable.com,,46,3,false,true,1,true,false,true,true,LMS/Bypasser,Aspiring,LMS/Bypasser,only one
1631872.0,megan-love-s-school.teachable.com,,442,4,false,true,10,true,true,true,true,LMS/Bypasser,LMS/Bypasser,LMS/Bypasser,both